ID,Fi,Lambda,E_utm,N_utm,distance_m,label_text,epoch_col,epoch_date,risk_pk,top20
D30000400400,-12.64258692,28.02794435,611634.4957314824,8602169.5098423,307.35764278732233,near-field,D20250206,2025-02-06,0.9162393,1
D30000400403,-12.64256612,28.02785502,611624.8026021656,8602171.84841077,309.23529700959375,near-field,D20250206,2025-02-06,0.93948716,1
D30000500290,-12.64351303,28.03136101,612005.1769654104,8602065.622764163,151.94138539763827,near-field,D20250206,2025-02-06,0.92358977,1
D30000500354,-12.64304096,28.02933403,611785.231920003,8602118.700112425,263.7316637410878,near-field,D20250206,2025-02-06,0.85555553,0
D30000500395,-12.64274626,28.0280684,611647.8996294902,8602151.83401296,290.3353284081532,near-field,D20250206,2025-02-06,0.4417094,0
D30000500405,-12.64267599,28.02776656,611615.1472169189,8602159.734576944,296.6784965272523,near-field,D20250206,2025-02-06,0.7726496,0
D30000500415,-12.64260867,28.02747724,611583.7533096933,8602167.303495735,302.75462156699587,near-field,D20250206,2025-02-06,0.7545299,0
D30000500429,-12.64251517,28.02707539,611540.14882732,8602177.8158303,311.19354484958325,near-field,D20250206,2025-02-06,0.5555556,0
D30000500445,-12.64239929,28.02657777,611486.1524089633,8602190.844105614,321.6542561322712,near-field,D20250206,2025-02-06,0.7502564,0
D30000500451,-12.64235534,28.02638907,611465.6766887668,8602195.785319233,325.62183531225844,near-field,D20250206,2025-02-06,0.8875214,0
D30000500480,-12.64214862,28.02550126,611369.340869321,8602219.026352406,344.2820422571507,near-field,D20250206,2025-02-06,0.9153846,1
D30000600345,-12.64323049,28.02958768,611812.6984437433,8602097.629837763,243.98359241486034,near-field,D20250206,2025-02-06,0.75333333,0
D30000600352,-12.64317909,28.02936698,611788.7505452526,8602103.40893143,248.62394723288972,near-field,D20250206,2025-02-06,0.61538464,0
D30000600372,-12.64303083,28.02873046,611719.6824674405,8602120.078206655,262.00898639546443,near-field,D20250206,2025-02-06,0.73538464,0
D30000600385,-12.64293922,28.02833695,611676.9830800445,8602130.378167992,270.2785675733559,near-field,D20250206,2025-02-06,0.061880343,0
D30000600386,-12.6429322,28.02830678,611673.7093600318,8602131.167449605,270.91218239115597,near-field,D20250206,2025-02-06,0.0,0
D30000600390,-12.64290427,28.0281868,611660.6904404447,8602134.30768357,273.4333595420988,near-field,D20250206,2025-02-06,0.044273503,0
D30000600396,-12.64286298,28.02800937,611641.4376637483,8602138.95002677,277.16022429089446,near-field,D20250206,2025-02-06,0.79435897,0
D30000600406,-12.6427939,28.02771259,611609.234316304,8602146.716813298,283.39572480216174,near-field,D20250206,2025-02-06,0.59726495,0
D30000600409,-12.64277343,28.02762462,611599.6887602236,8602149.01829592,285.24331203216366,near-field,D20250206,2025-02-06,0.50700855,0
D30000600451,-12.64247917,28.0263606,611462.5308497617,8602182.101921719,311.80500301708224,near-field,D20250206,2025-02-06,0.908547,1
D30000600452,-12.64247175,28.02632875,611459.0748278203,8602182.936132867,312.474877742945,near-field,D20250206,2025-02-06,0.91726494,1
D30000700264,-12.64395037,28.03211857,612087.2648744874,8602016.92880676,57.2816667488519,buffer,D20250206,2025-02-06,0.61059827,0
D30000700265,-12.64394334,28.03208837,612083.9879213595,8602017.719256444,60.349968832909695,buffer,D20250206,2025-02-06,0.93264955,1
D30000700266,-12.64393612,28.03205735,612080.6219908157,8602018.531070845,63.5015225971097,buffer,D20250206,2025-02-06,0.9211966,1
D30000700293,-12.64373752,28.03120458,611988.0892702512,8602040.861214751,150.14856079411294,near-field,D20250206,2025-02-06,0.8535043,0
D30000700345,-12.64335489,28.02956164,611809.816115853,8602083.882385613,230.1152361371043,near-field,D20250206,2025-02-06,0.61982906,0
D30000700349,-12.64332544,28.02943521,611796.0973543868,8602087.19355138,232.77406484367745,near-field,D20250206,2025-02-06,0.8446154,0
D30000700352,-12.64330324,28.02933988,611785.7532108368,8602089.689580401,234.7782230478463,near-field,D20250206,2025-02-06,0.29675213,0
D30000700353,-12.64329587,28.02930821,611782.3167346772,8602090.518225662,235.44346225121257,near-field,D20250206,2025-02-06,0.68786323,0
D30000700359,-12.64325142,28.02911739,611761.6110861166,8602095.515867677,239.45653552269525,near-field,D20250206,2025-02-06,0.42307693,0
D30000700372,-12.64315414,28.02869976,611716.2945345292,8602106.453291234,248.23912439700146,near-field,D20250206,2025-02-06,0.23675214,0
D30000700427,-12.64277857,28.02708597,611541.1836145588,8602148.679436482,282.1386616410023,near-field,D20250206,2025-02-06,0.4005128,0
D30000700428,-12.64277128,28.02705467,611537.7872775052,8602149.499045396,282.79677241193434,near-field,D20250206,2025-02-06,0.0,0
D30000700429,-12.64276399,28.02702337,611534.3909402872,8602150.318653887,283.45488275274687,near-field,D20250206,2025-02-06,0.51760685,0
D30000700454,-12.64258056,28.02623577,611448.9290555253,8602170.94140815,300.0138672719863,near-field,D20250206,2025-02-06,0.98615384,1
D30000700476,-12.64242418,28.02556415,611376.0519745479,8602188.522831999,314.12994224079733,near-field,D20250206,2025-02-06,0.9135043,1
D30000700482,-12.64238124,28.02537974,611356.0417443236,8602193.35043441,318.00604600792394,near-field,D20250206,2025-02-06,0.70905983,0
D30000800188,-12.64463801,28.03451094,612346.7994282446,8601939.850203522,28.407610436167133,buffer,D20250206,2025-02-06,0.6888889,0
D30000800264,-12.64407313,28.03208554,612083.6239487226,8602003.365749003,51.794743422694715,buffer,D20250206,2025-02-06,0.6923077,0
D30000800265,-12.64406584,28.03205424,612080.227639676,8602004.185425391,54.975070520950965,buffer,D20250206,2025-02-06,0.9482051,1
D30000800276,-12.64398624,28.0317124,612043.1351523963,8602013.135530874,89.70754906757989,buffer,D20250206,2025-02-06,0.93948716,1
D30000800314,-12.64370652,28.03051129,611912.8045718215,8602044.586372541,195.7325465334665,near-field,D20250206,2025-02-06,0.70324785,0
D30000800315,-12.64369895,28.03047879,611909.2780444823,8602045.437508732,196.41599382209017,near-field,D20250206,2025-02-06,0.73435897,0
D30000800335,-12.64355029,28.02984053,611840.0213495833,8602062.152077429,209.8373578366425,near-field,D20250206,2025-02-06,0.7960684,0
D30000800337,-12.64353617,28.02977989,611833.4413832052,8602063.739655983,211.11205484714506,near-field,D20250206,2025-02-06,0.5774359,0
D30000800344,-12.64348662,28.02956704,611810.3453004682,8602069.310807008,215.58497410592216,near-field,D20250206,2025-02-06,0.6547009,0
D30000800350,-12.64344235,28.02937699,611789.7232223494,8602074.288234293,219.58180653288696,near-field,D20250206,2025-02-06,0.7437607,0
D30000800429,-12.64288762,28.02699404,611531.1517527476,8602136.657747721,269.65610305988605,near-field,D20250206,2025-02-06,0.8659829,0
D30000800481,-12.64251289,28.02538481,611356.5353609496,8602178.787872083,303.4831084895303,near-field,D20250206,2025-02-06,0.0,0
D30000800482,-12.64250601,28.02535527,611353.3299932312,8602179.561363693,304.10418271481507,near-field,D20250206,2025-02-06,0.671453,0
D30000800483,-12.64249914,28.02532573,611350.1246210346,8602180.333748935,304.72415159730684,near-field,D20250206,2025-02-06,0.036239315,0
D30000800486,-12.64247852,28.02523714,611340.5117662075,8602182.651995637,306.58530222075956,near-field,D20250206,2025-02-06,0.5353846,0
D30000900144,-12.64508561,28.03587281,612494.5157910212,8601889.760710651,61.28806759792095,buffer,D20250206,2025-02-06,0.013333334,0
D30000900148,-12.64506042,28.03576444,612482.7568013627,8601892.593303092,52.34747706469805,buffer,D20250206,2025-02-06,0.6740171,0
D30000900185,-12.6447833,28.03457463,612353.6532563871,8601923.753833968,16.87379487835252,buffer,D20250206,2025-02-06,0.93948716,1
D30000900240,-12.64436921,28.03279687,612160.7521807752,8601970.314653499,0.0,core,D20250206,2025-02-06,0.6950427,0
D30000900241,-12.64436157,28.03276409,612157.1952875393,8601971.173683777,0.0,core,D20250206,2025-02-06,0.50529915,0
D30000900260,-12.64422509,28.03217789,612093.5877864251,8601986.519481307,33.56835459464367,buffer,D20250206,2025-02-06,0.3582906,0
D30000900277,-12.64410132,28.03164638,612035.9145584747,8602000.435997525,87.572402409398,buffer,D20250206,2025-02-06,0.91846156,1
D30000900312,-12.64384475,28.03054467,611916.3697758472,8602029.283925034,180.61577839417657,near-field,D20250206,2025-02-06,0.32393163,0
D30000900337,-12.64365976,28.02975041,611830.1857813415,8602050.083260661,197.31700487132207,near-field,D20250206,2025-02-06,0.6923077,0
D30000900338,-12.64365271,28.0297201,611826.8968812232,8602050.875938823,197.95329471325036,near-field,D20250206,2025-02-06,0.73128206,0
D30000900428,-12.64301751,28.02699162,611530.8325502388,8602122.293021515,255.29234967213063,near-field,D20250206,2025-02-06,0.002051282,0
D30000900429,-12.64301018,28.02696016,611527.4188559412,8602123.117121588,255.95412591567785,near-field,D20250206,2025-02-06,0.557265,0
D30000900483,-12.64262392,28.02530132,611347.419385839,8602166.543546336,290.82146576395485,near-field,D20250206,2025-02-06,0.22102565,0
D30000900485,-12.64261018,28.02524226,611341.0108162881,8602168.08830682,292.0614963697182,near-field,D20250206,2025-02-06,0.047008548,0
D30000900486,-12.64260331,28.02521273,611337.8065312937,8602168.8606865,292.6815111003595,near-field,D20250206,2025-02-06,0.8452991,0
D30001000149,-12.64518221,28.035727,612478.6371501746,8601879.139458539,42.52081162066141,buffer,D20250206,2025-02-06,0.2694017,0
D30001000150,-12.64517617,28.03570097,612475.8126886908,8601879.818669422,40.15589287785999,buffer,D20250206,2025-02-06,0.8066667,0
D30001000185,-12.64490719,28.03454643,612350.536298988,8601910.063749043,3.1858083499043293,buffer,D20250206,2025-02-06,0.90205127,0
D30001000254,-12.64439143,28.03233205,612110.2585059352,8601968.056307793,9.06267676847884,buffer,D20250206,2025-02-06,0.9601709,1
D30001000255,-12.64438422,28.03230108,612106.8980080108,8601968.866998438,12.209258812912365,buffer,D20250206,2025-02-06,0.003076923,0
D30001000278,-12.64421646,28.03158063,612028.7232691472,8601987.729711184,85.41001152875556,buffer,D20250206,2025-02-06,0.8135043,0
D30001000313,-12.64396027,28.03048052,611909.3521465609,8602016.534900311,167.54921259304547,near-field,D20250206,2025-02-06,0.33247864,0
D30001000340,-12.64376219,28.02962999,611817.062404163,8602038.8060079,185.43188042979554,near-field,D20250206,2025-02-06,0.1391453,0
D30001000341,-12.64375513,28.02959969,611813.7745955857,8602039.599786347,186.06932093511506,near-field,D20250206,2025-02-06,0.3123077,0
D30001000428,-12.64313969,28.02695615,611526.9271297379,8602108.795100704,241.6248730317935,near-field,D20250206,2025-02-06,0.006837607,0
D30001000429,-12.64313257,28.02692555,611523.6067505741,8602109.595608091,242.2674949881391,near-field,D20250206,2025-02-06,0.0,0
D30001000488,-12.64271412,28.0251283,611328.5885692497,8602156.641087245,280.03974519138677,near-field,D20250206,2025-02-06,0.98376065,1
D30001100144,-12.64534,28.03584446,612491.325346094,8601861.637438186,52.48448902021201,buffer,D20250206,2025-02-06,0.9111111,1
D30001100145,-12.64533326,28.0358155,612488.1829673657,8601862.39532986,49.31476575857141,buffer,D20250206,2025-02-06,0.87641025,0
D30001100149,-12.64530683,28.03570185,612475.851073747,8601865.367333753,36.98061379771128,buffer,D20250206,2025-02-06,0.10512821,0
D30001100177,-12.64508871,28.03476569,612374.2706559441,8601889.893548463,0.0,core,D20250206,2025-02-06,0.8487179,0
D30001100259,-12.6444785,28.03214571,612089.982191696,8601958.506224252,19.152096435188692,buffer,D20250206,2025-02-06,0.99470085,1
D30001100292,-12.6442373,28.03110993,611977.5915693601,8601985.626272801,124.39256744212523,near-field,D20250206,2025-02-06,0.7805128,0
D30001100341,-12.64387771,28.02956586,611810.0469916521,8602026.056953516,172.3653898119842,near-field,D20250206,2025-02-06,0.46034187,0
D30001100342,-12.64387055,28.02953515,611806.7146979142,8602026.861966375,173.01194887127795,near-field,D20250206,2025-02-06,0.2442735,0
D30001100347,-12.64383461,28.02938079,611789.9653137508,8602030.902854508,176.25639359279194,near-field,D20250206,2025-02-06,0.7904273,0
D30001100428,-12.64326273,28.0269243,611523.4145075886,8602095.20052145,227.8794178676046,near-field,D20250206,2025-02-06,0.47897437,0
D30001100429,-12.64325567,28.026894,611520.1266869565,8602095.994264754,228.51682269787872,near-field,D20250206,2025-02-06,0.36905983,0
D30001100487,-12.64284581,28.02513357,611329.1039023439,8602142.074017037,265.51333160384274,near-field,D20250206,2025-02-06,0.9254701,1
D30001100488,-12.64283871,28.02510306,611325.7932817964,8602142.872250294,266.15414336910806,near-field,D20250206,2025-02-06,0.6666667,0
D30001100489,-12.6428316,28.02507253,611322.480493221,8602143.67159765,266.7959654806749,near-field,D20250206,2025-02-06,0.871453,0
D30001200134,-12.64553086,28.0361041,612519.4411258085,8601840.416743446,82.94598612353184,buffer,D20250206,2025-02-06,0.93333334,1
D30001200141,-12.64548691,28.03591505,612498.9277680273,8601845.358886931,61.96166324942537,buffer,D20250206,2025-02-06,0.9471795,1
D30001200144,-12.64546573,28.03582404,612489.0525008464,8601847.740515066,51.859349382752626,buffer,D20250206,2025-02-06,0.94393164,1
D30001200145,-12.64545867,28.0357937,612485.7603827796,8601848.534391753,48.49155213254964,buffer,D20250206,2025-02-06,0.37846154,0
D30001200147,-12.64544454,28.03573303,612479.1772366554,8601850.123245634,41.756893902744196,buffer,D20250206,2025-02-06,0.8220513,0
D30001200148,-12.64543748,28.03570269,612475.8851181264,8601850.917121131,38.38909635045538,buffer,D20250206,2025-02-06,0.23863249,0
D30001200156,-12.64538099,28.03546,612449.5514270035,8601857.269203948,11.44980342691659,buffer,D20250206,2025-02-06,0.65692306,0
D30001200163,-12.64533166,28.03524806,612426.5543331199,8601862.81615613,0.0,core,D20250206,2025-02-06,0.17760684,0
D30001200168,-12.64529394,28.03508616,612408.9869690537,8601867.057530966,0.0,core,D20250206,2025-02-06,0.48871794,0
D30001200169,-12.64528534,28.03504927,612404.9841291001,8601868.024535187,0.0,core,D20250206,2025-02-06,0.33931625,0
D30001200197,-12.64506771,28.03411522,612303.6326133772,8601892.495391652,0.0,core,D20250206,2025-02-06,0.6745299,0
D30001200209,-12.6449715,28.03370241,612258.8395596958,8601903.313313246,0.0,core,D20250206,2025-02-06,0.12205128,0
D30001200213,-12.64493955,28.0335653,612243.9620637351,8601906.905787244,0.0,core,D20250206,2025-02-06,0.4565812,0
D30001200215,-12.64492349,28.03349641,612236.4869675022,8601908.711565863,0.0,core,D20250206,2025-02-06,0.89726496,0
D30001200219,-12.64489434,28.0333712,612222.9006976264,8601911.989245396,0.0,core,D20250206,2025-02-06,0.1017094,0
D30001200259,-12.64460125,28.03211264,612086.3369296443,8601944.944289923,13.669281004659128,buffer,D20250206,2025-02-06,0.9948718,1
D30001200342,-12.64399331,28.02950209,611803.0706498083,8602013.298896028,159.29175345054236,near-field,D20250206,2025-02-06,0.708547,0
D30001200428,-12.64338633,28.02689484,611520.1612231365,8602081.542987809,214.08334041371057,near-field,D20250206,2025-02-06,0.69760686,0
D30001200429,-12.64337927,28.02686453,611516.8723179576,8602082.33673512,214.72069796967733,near-field,D20250206,2025-02-06,0.48991454,0
D30001200489,-12.64295619,28.02504728,611319.6841234071,8602129.902764563,252.9103163423342,near-field,D20250206,2025-02-06,0.9386325,1
D30001300128,-12.64569205,28.03623631,612533.7297768991,8601822.532318508,99.45666398607634,buffer,D20250206,2025-02-06,0.5246154,0
D30001300129,-12.645686,28.03621028,612530.9053263989,8601823.212641437,96.5673870999035,buffer,D20250206,2025-02-06,0.12735043,0
D30001300133,-12.64566187,28.03610644,612519.6379032178,8601825.926067851,85.0414274892944,buffer,D20250206,2025-02-06,0.82632476,0
D30001300138,-12.64563169,28.03597655,612505.5438545306,8601829.319818532,70.62403459593148,buffer,D20250206,2025-02-06,0.954359,1
D30001300142,-12.64560344,28.03585521,612492.3775678241,8601832.496428797,57.15486756048835,buffer,D20250206,2025-02-06,0.0005128205,0
D30001300144,-12.64558932,28.03579454,612485.7944213571,8601834.084178554,50.4203537900098,buffer,D20250206,2025-02-06,0.9369231,1
D30001300145,-12.64558226,28.03576421,612482.5033909389,8601834.878050689,47.05363539172972,buffer,D20250206,2025-02-06,0.93811965,1
D30001300147,-12.64556814,28.03570354,612475.9202435471,8601836.465798069,40.31912101612934,buffer,D20250206,2025-02-06,0.41709402,0
D30001300148,-12.64556108,28.03567321,612472.6292126663,8601837.259669015,36.95240231517293,buffer,D20250206,2025-02-06,0.20871794,0
D30001300192,-12.64523007,28.03425209,612318.4270288178,8601874.479686804,0.0,core,D20250206,2025-02-06,0.0049572648,0
D30001300197,-12.64519187,28.03408811,612300.6339489366,8601878.774973432,0.0,core,D20250206,2025-02-06,0.5841026,0
D30001300204,-12.6451367,28.03385135,612274.9436831392,8601884.978352781,0.0,core,D20250206,2025-02-06,0.33948717,0
D30001300210,-12.64508856,28.03364481,612252.532515346,8601890.391229106,0.0,core,D20250206,2025-02-06,0.6025641,0
D30001300211,-12.64508057,28.03361053,612248.8128728154,8601891.289625237,0.0,core,D20250206,2025-02-06,0.80188036,0
D30001300215,-12.64504871,28.03347383,612233.9798730277,8601894.871964596,0.0,core,D20250206,2025-02-06,0.9211966,1
D30001300219,-12.6450194,28.03334796,612220.3219973232,8601898.167622443,0.0,core,D20250206,2025-02-06,0.6422222,0
D30001300220,-12.64501213,28.03331675,612216.935469817,8601898.985065933,0.0,core,D20250206,2025-02-06,0.6728205,0
D30001300229,-12.64494598,28.0330327,612186.1138231781,8601906.423024967,0.0,core,D20250206,2025-02-06,0.4825641,0
D30001300230,-12.6449386,28.033001,612182.6741233801,8601907.252840247,0.0,core,D20250206,2025-02-06,0.2919658,0
D30001300234,-12.64490914,28.03287451,612168.9489652674,8601910.56532818,0.0,core,D20250206,2025-02-06,0.7936752,0
D30001300341,-12.6441237,28.02950182,611802.9845990967,8601998.87794272,144.88285944685947,near-field,D20250206,2025-02-06,0.85811967,0
D30001300428,-12.64351013,28.02686625,611517.0023451304,8602067.862963315,200.26926087317793,near-field,D20250206,2025-02-06,0.23606838,0
D30001300429,-12.64350302,28.02683571,611513.688482919,8602068.662338357,200.9110598777731,near-field,D20250206,2025-02-06,0.55675215,0
D30001300431,-12.64348839,28.0267729,611506.8730407269,8602070.307170102,202.23181256552652,near-field,D20250206,2025-02-06,0.89726496,0
D30001300492,-12.64305945,28.02493041,611306.9461402979,8602118.531982511,240.9499889496454,near-field,D20250206,2025-02-06,0.9880342,1
D30001300493,-12.64305234,28.02489987,611303.6322681672,8602119.331332117,241.59176207741376,near-field,D20250206,2025-02-06,0.9993162,1
D30001400117,-12.64589056,28.0365288,612565.4099489965,8601800.451355936,133.75900852907938,near-field,D20250206,2025-02-06,0.4225641,0
D30001400122,-12.64585919,28.03639385,612550.7668753142,8601803.978921006,118.77978344156007,near-field,D20250206,2025-02-06,0.43675214,0
D30001400125,-12.64583982,28.03631058,612541.7314684117,8601806.157054178,109.5367633893547,near-field,D20250206,2025-02-06,0.8305983,0
D30001400127,-12.64582678,28.0362545,612535.6463734033,8601807.623394316,103.31192170765819,near-field,D20250206,2025-02-06,0.6738461,0
D30001400129,-12.64581345,28.03619719,612529.4278154987,8601809.12233599,96.95049431066828,buffer,D20250206,2025-02-06,0.16991453,0
D30001400133,-12.64578758,28.03608597,612517.3596235698,8601812.031379286,84.60502795838221,buffer,D20250206,2025-02-06,0.6025641,0
D30001400135,-12.64577491,28.03603147,612511.44596707,8601813.456112724,78.55560059430232,buffer,D20250206,2025-02-06,0.64358974,0
D30001400138,-12.64575528,28.03594705,612502.2857683016,8601815.66348328,69.18503215639045,buffer,D20250206,2025-02-06,0.8446154,0
D30001400142,-12.64572703,28.03582571,612489.1194878148,8601818.840092536,55.71587141934791,buffer,D20250206,2025-02-06,0.9437607,1
D30001400207,-12.64523706,28.03372215,612260.8674967585,8601873.934004188,0.0,core,D20250206,2025-02-06,0.25111112,0
D30001400211,-12.64520574,28.03358773,612246.2819008172,8601877.455648893,0.0,core,D20250206,2025-02-06,0.2,0
D30001400215,-12.64517428,28.03345275,612231.635541709,8601880.993009953,0.0,core,D20250206,2025-02-06,0.3765812,0
D30001400229,-12.64506952,28.03300298,612182.8320155764,8601892.772289531,0.0,core,D20250206,2025-02-06,0.7911111,0
D30001400429,-12.6436276,28.02681043,611510.8887692438,8602054.894635482,187.0263815871157,near-field,D20250206,2025-02-06,0.010940171,0
D30001400431,-12.64361301,28.02674776,611504.0885183426,8602056.534983192,188.34337351091165,near-field,D20250206,2025-02-06,0.9753846,1
D30001400492,-12.64318403,28.02490514,611304.1476116861,8602104.764262943,227.06535001537262,near-field,D20250206,2025-02-06,0.98820513,1
D30001400493,-12.64317692,28.02487461,611300.8348272421,8602105.563608097,227.70717012308853,near-field,D20250206,2025-02-06,0.9955556,1
D30001500081,-12.64627253,28.03760917,612682.5806033938,8601757.740545291,255.518961952375,near-field,D20250206,2025-02-06,0.72683764,0
D30001500108,-12.64607817,28.03677432,612591.9934779052,8601779.596103018,162.84798350872424,near-field,D20250206,2025-02-06,0.6131624,0
D30001500113,-12.64604259,28.03662145,612575.405985696,8601783.597017847,145.87905624090718,near-field,D20250206,2025-02-06,0.23128206,0
D30001500114,-12.64603548,28.03659092,612572.0932629592,8601784.396517077,142.49009491391035,near-field,D20250206,2025-02-06,0.6810256,0
D30001500115,-12.64602827,28.03655998,612568.7360541177,8601785.20725227,139.0555581657795,near-field,D20250206,2025-02-06,0.0056410255,0
D30001500116,-12.64602144,28.0365306,612565.5481089458,8601785.975288032,135.7944229844374,near-field,D20250206,2025-02-06,0.6996581,0
D30001500117,-12.64601552,28.03650514,612562.7855129302,8601786.640991312,132.96838364449508,near-field,D20250206,2025-02-06,0.57897437,0
D30001500121,-12.64599204,28.03640405,612551.8164970598,8601789.28135908,121.74783529805917,near-field,D20250206,2025-02-06,0.0,0
D30001500122,-12.64598616,28.03637872,612549.0680021773,8601789.942581065,118.93636299903758,near-field,D20250206,2025-02-06,0.74871796,0
D30001500126,-12.64596203,28.03627488,612537.8005935964,8601792.65601592,107.4104167557511,near-field,D20250206,2025-02-06,0.4940171,0
D30001500128,-12.64594822,28.03621556,612531.363944854,8601794.20891066,100.82570648162961,near-field,D20250206,2025-02-06,0.018974358,0
D30001500338,-12.64439254,28.02953583,611806.5614524983,8601969.129842578,115.33714493622875,near-field,D20250206,2025-02-06,0.5774359,0
D30001500492,-12.64330781,28.02487642,611300.9747273443,8602091.086489875,213.2528571519695,near-field,D20250206,2025-02-06,0.98205125,1
D30001500493,-12.64330059,28.02484542,611297.6109454248,8602091.898200586,213.90461778647378,near-field,D20250206,2025-02-06,0.6454701,0
D30001500494,-12.64329329,28.02481409,611294.2113567011,8602092.718899168,214.5742997233602,near-field,D20250206,2025-02-06,0.9634188,1
D30001600099,-12.6462651,28.03701695,612618.2633863407,8601758.817273583,191.61602417474688,near-field,D20250206,2025-02-06,0.8261539,0
D30001600102,-12.64624453,28.03692852,612608.6681005127,8601761.130370272,181.8002610385334,near-field,D20250206,2025-02-06,0.89965814,0
D30001600103,-12.64623775,28.03689941,612605.5094613462,8601761.89276464,178.56891859114745,near-field,D20250206,2025-02-06,0.911453,1
D30001600106,-12.646217,28.03681021,612595.8306236538,8601764.226096157,168.66767152516616,near-field,D20250206,2025-02-06,0.78547007,0
D30001600107,-12.64620988,28.03677963,612592.5124775257,8601765.026725516,165.27318543747964,near-field,D20250206,2025-02-06,0.77111113,0
D30001600109,-12.64619564,28.03671847,612585.8761847992,8601766.627983024,158.48421295438473,near-field,D20250206,2025-02-06,0.66615385,0
D30001600113,-12.64616718,28.03659622,612572.6111913417,8601769.8282511,144.9140890869076,near-field,D20250206,2025-02-06,0.5864957,0
D30001600114,-12.64616008,28.03656571,612569.3006379929,8601770.626635531,141.52742461079882,near-field,D20250206,2025-02-06,0.5586325,0
D30001600115,-12.64615292,28.03653494,612565.9618724041,8601771.4317674,138.11190666881964,near-field,D20250206,2025-02-06,0.6018804,0
D30001600121,-12.64611717,28.03638107,612549.2658479997,8601775.451899245,121.0328643667912,near-field,D20250206,2025-02-06,0.24068376,0
D30001600337,-12.64452408,28.02954043,611807.0038265444,8601954.579618573,100.82410915075269,near-field,D20250206,2025-02-06,0.5047863,0
D30001600339,-12.64450952,28.02947791,611800.2198897686,8601956.21665838,102.13856821565508,near-field,D20250206,2025-02-06,0.5225641,0
D30001600430,-12.64386992,28.02673046,611502.0981026595,8602028.128259903,159.8743107891246,near-field,D20250206,2025-02-06,0.17196581,0
D30001600493,-12.64342394,28.02481491,611294.2438396732,8602078.268745957,200.1362497577532,near-field,D20250206,2025-02-06,0.81982905,0
D30001600494,-12.64341664,28.02478356,611290.8420803506,8602079.089452768,200.84890663749835,near-field,D20250206,2025-02-06,0.31504273,0
D30001600495,-12.64340934,28.02475221,611287.4403208632,8602079.910159154,201.61978823647593,near-field,D20250206,2025-02-06,0.90649575,0
D30001600496,-12.64340203,28.02472086,611284.0385655408,8602080.731971111,202.4493353218576,near-field,D20250206,2025-02-06,0.9220513,1
D30001600497,-12.64339473,28.0246895,611280.6357196247,8602081.552680906,203.33466613538693,near-field,D20250206,2025-02-06,0.965641,1
D30001700058,-12.64668545,28.03826205,612753.3081129165,8601711.790420288,331.6617001740394,near-field,D20250206,2025-02-06,0.5779487,0
D30001700099,-12.64638908,28.03698908,612615.1821117923,8601745.117111491,190.35805397635139,near-field,D20250206,2025-02-06,0.91846156,1
D30001700100,-12.64638252,28.03696089,612612.123298442,8601745.854778837,187.2289179815309,near-field,D20250206,2025-02-06,0.9328205,1
D30001700102,-12.64636931,28.03690409,612605.9600949921,8601747.340247236,180.92413389962195,near-field,D20250206,2025-02-06,0.98205125,1
D30001700103,-12.64636266,28.0368755,612602.8578770693,8601748.088039672,177.75064035904828,near-field,D20250206,2025-02-06,0.925641,1
D30001700105,-12.64634936,28.03681832,612596.6534408125,8601749.583623488,171.4036530087769,near-field,D20250206,2025-02-06,0.665641,0
D30001700106,-12.64634241,28.03678846,612593.4134204594,8601750.365141299,168.0891243132667,near-field,D20250206,2025-02-06,0.013504273,0
D30001700107,-12.6463354,28.03675836,612590.1473600782,8601751.153397985,164.74789672617075,near-field,D20250206,2025-02-06,0.76803416,0
D30001700113,-12.64629261,28.03657453,612570.2005071769,8601755.96505737,144.34229821643473,near-field,D20250206,2025-02-06,0.43350428,0
D30001700190,-12.64575023,28.03424442,612317.3666309312,8601816.95345963,0.0,core,D20250206,2025-02-06,0.8758974,0
D30001700338,-12.64464099,28.02948223,611800.6318860637,8601941.674296178,87.63194915590975,buffer,D20250206,2025-02-06,0.0044444446,0
D30001700340,-12.64462614,28.0294185,611793.7166608099,8601943.343925467,88.97275383221684,buffer,D20250206,2025-02-06,0.03008547,0
D30001700430,-12.64399495,28.02670708,611499.5045602174,8602014.309977012,145.94885699008168,near-field,D20250206,2025-02-06,0.5694017,0
D30001700431,-12.64398801,28.02667727,611496.2699153973,8602015.090237582,146.57530836101506,near-field,D20250206,2025-02-06,0.0,0
D30001700494,-12.64353971,28.02475187,611287.3469405178,8602065.491467183,187.2007947226194,near-field,D20250206,2025-02-06,0.74239314,0
D30001700495,-12.64353249,28.02472085,611283.9809892359,8602066.303185008,188.02210616682245,near-field,D20250206,2025-02-06,0.87709403,0
D30001700497,-12.643518,28.02465864,611277.2306441611,8602067.932221668,189.85006724728638,near-field,D20250206,2025-02-06,0.99880344,1
D30001700498,-12.64351074,28.02462745,611273.8462460365,8602068.748434503,190.85453846805237,near-field,D20250206,2025-02-06,0.99914527,1
D30001800010,-12.6471396,28.0396531,612904.189041191,8601660.96163564,487.90540610194296,near-field,D20250206,2025-02-06,0.36905983,0
D30001800020,-12.64707092,28.03935792,612872.1600713569,8601668.68499494,455.14018810197774,near-field,D20250206,2025-02-06,0.6022222,0
D30001800030,-12.64699663,28.0390389,612837.544316175,8601677.039063483,419.7278122675519,near-field,D20250206,2025-02-06,0.46974358,0
D30001800031,-12.64698956,28.03900855,612834.2511429725,8601677.834093269,416.35881777264785,near-field,D20250206,2025-02-06,0.6420513,0
D30001800058,-12.64681437,28.03825522,612752.5097383189,8601697.534837665,332.7397533122384,near-field,D20250206,2025-02-06,0.06102564,0
D30001800061,-12.64679236,28.03816066,612742.2493401275,8601700.00988743,322.2433830032937,near-field,D20250206,2025-02-06,0.36837608,0
D30001800062,-12.64678504,28.03812926,612738.8422328188,8601700.833008125,318.75775446098055,near-field,D20250206,2025-02-06,0.5379487,0
D30001800063,-12.64677775,28.03809792,612735.4416287149,8601701.652784552,315.2790115376693,near-field,D20250206,2025-02-06,0.015726496,0
D30001800338,-12.64476525,28.02945561,611797.6866407983,8601927.942574777,73.77633124978458,buffer,D20250206,2025-02-06,0.0,0
D30001800342,-12.64473579,28.02932908,611783.9570986263,8601931.254889553,76.43579796089622,buffer,D20250206,2025-02-06,0.41863248,0
D30001800431,-12.64411356,28.0266561,611493.916178241,8602001.213501105,132.60280453336716,near-field,D20250206,2025-02-06,0.9194872,1
D30001900008,-12.64727752,28.03968512,612907.6060841175,8601645.693886729,493.29520907473557,near-field,D20250206,2025-02-06,0.36717948,0
D30001900009,-12.647271,28.03965712,612904.5679047428,8601646.42708106,490.18711545554044,near-field,D20250206,2025-02-06,0.3931624,0
D30001900010,-12.64726448,28.03962907,612901.5242947999,8601647.160296626,487.0736353851879,near-field,D20250206,2025-02-06,0.10888889,0
D30001900011,-12.64725794,28.03960094,612898.4720048149,8601647.895758374,483.9512556664132,near-field,D20250206,2025-02-06,0.0,0
D30001900015,-12.6472305,28.03948303,612885.6780047955,8601650.981495371,470.863077479476,near-field,D20250206,2025-02-06,0.4386325,0
D30001900023,-12.64717454,28.03924258,612859.5876136064,8601657.274396457,444.1727445142267,near-field,D20250206,2025-02-06,0.25880343,0
D30001900024,-12.64716722,28.03921113,612856.1750833164,8601658.097553486,440.6817350619291,near-field,D20250206,2025-02-06,0.4420513,0
D30001900030,-12.64712299,28.03902121,612835.5675315313,8601663.071298817,419.59988731627357,near-field,D20250206,2025-02-06,0.31863248,0
D30001900031,-12.6471158,28.03899031,612832.2146778144,8601663.879837679,416.169956114301,near-field,D20250206,2025-02-06,0.009572649,0
D30001900059,-12.64693113,28.03819636,612746.0657824659,8601684.646570036,328.0416691350677,near-field,D20250206,2025-02-06,0.77247864,0
D30001900061,-12.64691701,28.03813567,612739.4805080675,8601686.234391158,321.30503645232693,near-field,D20250206,2025-02-06,0.17606838,0
D30001900062,-12.64690994,28.03810533,612736.1884180699,8601687.029404968,317.93711790217077,near-field,D20250206,2025-02-06,0.0,0
D30001900068,-12.64686757,28.03792329,612716.4358529035,8601691.793949513,297.7303079542534,near-field,D20250206,2025-02-06,0.797094,0
D30001900069,-12.64686051,28.03789295,612713.1437574391,8601692.58785455,294.36252939336725,near-field,D20250206,2025-02-06,0.34991452,0
D30001900073,-12.64683226,28.03777157,612699.9732062474,8601695.76458535,280.88911889611103,near-field,D20250206,2025-02-06,0.48068377,0
D30001900097,-12.64665509,28.03701078,612617.4223333773,8601715.687130354,196.43848952388615,near-field,D20250206,2025-02-06,0.8576068,0
D30001900187,-12.64601038,28.03424148,612316.9336043489,8601788.182219159,0.0,core,D20250206,2025-02-06,0.66478634,0
D30001900188,-12.64600238,28.03420714,612313.2074646343,8601789.081756745,0.0,core,D20250206,2025-02-06,0.41111112,0
D30001900429,-12.64425318,28.02669535,611498.118531282,8601985.754888792,117.36017114987919,near-field,D20250206,2025-02-06,0.6851282,0
D30001900430,-12.64424625,28.02666558,611494.8882297992,8601986.534026435,117.98570620581226,near-field,D20250206,2025-02-06,0.3808547,0
D30002000003,-12.64743523,28.03980228,612920.26136765,8601628.20062042,508.1353281497387,far-field,D20250206,2025-02-06,0.43470085,0
D30002000007,-12.64740929,28.03969072,612908.1563841504,8601631.11772799,495.75233040266545,near-field,D20250206,2025-02-06,0.25794873,0
D30002000008,-12.64740278,28.03966272,612905.1182019814,8601631.84981651,492.64437903356423,near-field,D20250206,2025-02-06,0.24119659,0
D30002000009,-12.64739626,28.03963468,612902.075679729,8601632.583027955,489.53197780025494,near-field,D20250206,2025-02-06,0.671453,0
D30002000011,-12.64738292,28.03957735,612895.8550057954,8601634.08316917,483.168295337343,near-field,D20250206,2025-02-06,0.4488889,0
D30002000014,-12.64736216,28.03948815,612886.1762325375,8601636.417711098,473.266953411461,near-field,D20250206,2025-02-06,0.0013675214,0
D30002000015,-12.64735528,28.03945858,612882.9676963348,8601637.191396514,469.9846641193314,near-field,D20250206,2025-02-06,0.55538464,0
D30002000024,-12.64729203,28.03918683,612853.4810671565,8601644.304070268,439.8199171298265,near-field,D20250206,2025-02-06,0.74410254,0
D30002000054,-12.64709004,28.03831859,612759.2712986916,8601667.018480552,343.444949968154,near-field,D20250206,2025-02-06,0.58495724,0
D30002000061,-12.6470406,28.03810617,612736.222317619,8601672.578073801,319.8659283466125,near-field,D20250206,2025-02-06,0.448547,0
D30002000097,-12.64678478,28.03700721,612616.977754696,8601701.344984341,197.87863522429456,near-field,D20250206,2025-02-06,0.79094017,0
D30002000098,-12.64677754,28.03697612,612613.6042785291,8601702.159108311,194.42752722852148,near-field,D20250206,2025-02-06,0.55435896,0
D30002000099,-12.64677036,28.03694525,612610.2546698536,8601702.966501193,191.0009633299049,near-field,D20250206,2025-02-06,0.4360684,0
D30002000184,-12.64615973,28.03432245,612325.6623941641,8601771.629400872,0.0,core,D20250206,2025-02-06,0.090427354,0
D30002000333,-12.64505085,28.02956148,611809.0608611521,8601896.310122712,42.71703792983183,buffer,D20250206,2025-02-06,0.89760685,0
D30002000334,-12.64504348,28.02952983,611805.6265814893,8601897.138764244,43.38237726047332,buffer,D20250206,2025-02-06,0.87094015,0
D30002000429,-12.64437893,28.02667506,611495.8602840404,8601971.8556575,103.36971250357898,near-field,D20250206,2025-02-06,0.228547,0
D30002000430,-12.644372,28.02664529,611492.6299841295,8601972.634795012,103.99524750358506,near-field,D20250206,2025-02-06,0.015384615,0
D30002100014,-12.64748869,28.03947114,612884.2732039732,8601622.430852387,473.21465160090906,near-field,D20250206,2025-02-06,0.35726497,0
D30002100033,-12.64735161,28.03888232,612820.3824657241,8601637.845862983,407.85413126990045,near-field,D20250206,2025-02-06,0.0,0
D30002100099,-12.64689585,28.03692382,612607.8721818845,8601689.096561136,190.45800987380932,near-field,D20250206,2025-02-06,0.43008548,0
D30002100100,-12.64688878,28.03689349,612604.5811752236,8601689.891555078,187.09116790944987,near-field,D20250206,2025-02-06,0.39076924,0
D30002100104,-12.64686054,28.03677214,612591.4138712424,8601693.067115808,173.6211300253131,near-field,D20250206,2025-02-06,0.8719658,0
D30002100108,-12.64683229,28.03665079,612578.246569177,8601696.243776195,160.15094982703812,near-field,D20250206,2025-02-06,0.23042735,0
D30002100239,-12.6458624,28.03248616,612126.3544976588,8601805.301584626,0.0,core,D20250206,2025-02-06,0.88119656,0
D30002100240,-12.64585466,28.03245293,612122.7487943552,8601806.17186503,0.0,core,D20250206,2025-02-06,0.8820513,0
D30002100333,-12.64517537,28.02953593,611806.2317133796,8601882.54918876,28.83772932473425,buffer,D20250206,2025-02-06,0.9211966,1
D30002100334,-12.645168,28.02950431,611802.8006936391,8601883.377817262,29.503209772467308,buffer,D20250206,2025-02-06,0.9307692,1
D30002100335,-12.64516051,28.02947216,611799.3121630037,8601884.219943717,30.179453916021558,buffer,D20250206,2025-02-06,0.74188036,0
D30002100429,-12.64450469,28.02665479,611493.6042062861,8601957.955311555,89.37824302738555,buffer,D20250206,2025-02-06,0.82735044,0
D30002100430,-12.64449776,28.02662502,611490.3739079473,8601958.734448936,90.00377796962607,buffer,D20250206,2025-02-06,0.6776068,0
D30002100431,-12.64449083,28.02659526,611487.1446955542,8601959.513581676,90.62935962158191,buffer,D20250206,2025-02-06,0.0,0
D30002200015,-12.64760857,28.03942553,612879.2668929208,8601609.191822331,469.9877961288826,near-field,D20250206,2025-02-06,0.7921367,0
D30002200028,-12.64751402,28.03901946,612835.2057317605,8601619.824203234,424.9128042993192,near-field,D20250206,2025-02-06,0.031794872,0
D30002200029,-12.64750646,28.038987,612831.6836162983,8601620.674337197,421.30961826424704,near-field,D20250206,2025-02-06,0.942735,1
D30002200033,-12.64747637,28.03885779,612817.6635102512,8601624.058006883,406.9668514548639,near-field,D20250206,2025-02-06,0.28700855,0
D30002200111,-12.64693471,28.03653031,612565.1165056224,8601684.967987387,148.61303681997776,near-field,D20250206,2025-02-06,0.06017094,0
D30002200112,-12.64692764,28.03649997,612561.8244125776,8601685.762980625,145.24511794673558,near-field,D20250206,2025-02-06,0.9668376,1
D30002200237,-12.64600144,28.03252296,612130.2906372456,8601789.908045163,0.0,core,D20250206,2025-02-06,0.10136752,0
D30002200239,-12.64598611,28.03245715,612123.1497650306,8601791.631738365,0.0,core,D20250206,2025-02-06,0.86786324,0
D30002200333,-12.64530004,28.02951101,611803.4709263593,8601868.771395508,14.944812426722233,buffer,D20250206,2025-02-06,0.9208547,1
D30002200334,-12.64529278,28.02947987,611800.0919928483,8601869.587652784,15.600398161274976,buffer,D20250206,2025-02-06,0.9162393,1
D30002200335,-12.64528552,28.02944866,611796.7054565265,8601870.403939549,16.255653885288208,buffer,D20250206,2025-02-06,0.0,0
D30002300002,-12.64781933,28.03977076,612916.6692053272,8601585.732820805,510.14358220845514,far-field,D20250206,2025-02-06,0.00017094017,0
D30002300014,-12.64774271,28.03944119,612880.9087656152,8601594.349202713,473.56200729616864,near-field,D20250206,2025-02-06,0.79675215,0
D30002300015,-12.64773575,28.03941133,612877.6687728417,8601595.131861031,470.24735637155976,near-field,D20250206,2025-02-06,0.0,0
D30002300016,-12.64772879,28.03938141,612874.4222634067,8601595.91454485,466.9262417232496,near-field,D20250206,2025-02-06,0.0,0
D30002300029,-12.64763151,28.03896369,612829.0970312562,8601606.853881622,420.55784086409204,near-field,D20250206,2025-02-06,0.18341881,0
D30002300111,-12.64705831,28.03650085,612561.8627406736,8601671.310533468,147.17846504558878,near-field,D20250206,2025-02-06,0.6505983,0
D30002300331,-12.64543919,28.02954831,611807.4615056055,8601853.36553628,0.0,core,D20250206,2025-02-06,0.9594872,1
D30002300332,-12.64543203,28.02951754,611804.1227159334,8601854.170576151,0.3911392058418859,buffer,D20250206,2025-02-06,0.90752137,0
D30002300333,-12.64542489,28.02948688,611800.7958644128,8601854.973356625,1.035725688326291,buffer,D20250206,2025-02-06,0.942735,1
D30002300430,-12.64474711,28.02657522,611484.8569788837,8601931.177702148,62.2170048030728,buffer,D20250206,2025-02-06,0.9849573,1
D30002400002,-12.64794489,28.03974961,612914.3169501219,8601571.855031427,509.63162979666185,far-field,D20250206,2025-02-06,0.49384615,0
D30002400009,-12.64790417,28.03957429,612895.2936100657,8601576.434319252,490.1720421787484,near-field,D20250206,2025-02-06,0.08017094,0
D30002400014,-12.6478701,28.03942787,612879.4061280997,8601580.265635708,473.9193211962085,near-field,D20250206,2025-02-06,0.26188034,0
D30002400015,-12.64786325,28.03939844,612876.2127902547,8601581.03594248,470.6525420874294,near-field,D20250206,2025-02-06,0.08786325,0
D30002400016,-12.64785639,28.03936895,612873.0129401499,8601581.807380762,467.37915857218184,near-field,D20250206,2025-02-06,0.18444444,0
D30002400060,-12.64754205,28.0380186,612726.4914297797,8601617.155538142,317.4874093216896,near-field,D20250206,2025-02-06,0.9468376,1
D30002400115,-12.64715366,28.03635005,612545.4427766805,8601660.829721268,132.27480901571963,near-field,D20250206,2025-02-06,0.85555553,0
D30002400120,-12.64711835,28.03619836,612528.9833909483,8601664.800244771,115.43686744995367,near-field,D20250206,2025-02-06,0.7991453,0
D30002400121,-12.64711129,28.03616802,612525.6912952461,8601665.594127944,112.06909152069481,near-field,D20250206,2025-02-06,0.23111111,0
D30002400234,-12.64627344,28.03257042,612135.3265174283,8601759.804611646,0.0,core,D20250206,2025-02-06,0.6933333,0
D30002400330,-12.64557172,28.02955712,611808.3606859765,8601838.704018526,0.0,core,D20250206,2025-02-06,0.4565812,0
D30002400331,-12.64556431,28.02952533,611804.9112255292,8601839.537144352,0.0,core,D20250206,2025-02-06,0.66581196,0
D30002400332,-12.64555694,28.02949365,611801.4736945151,8601840.36579876,0.0,core,D20250206,2025-02-06,0.78478634,0
D30002400333,-12.64554959,28.02946209,611798.0491877284,8601841.19218948,0.0,core,D20250206,2025-02-06,0.9105983,1
D30002400334,-12.64554226,28.02943064,611794.6366190802,8601842.016320782,0.0,core,D20250206,2025-02-06,0.61982906,0
D30002400430,-12.64487075,28.02654596,611481.6254297979,8601917.51565632,48.41744787565039,buffer,D20250206,2025-02-06,0.47230768,0
D30002400431,-12.64486355,28.02651505,611478.2714384068,8601918.325140188,49.06744706013262,buffer,D20250206,2025-02-06,0.48119658,0
D30002500005,-12.64805085,28.0396442,612902.8219664571,8601560.181363868,499.7668544228723,near-field,D20250206,2025-02-06,0.6897436,0
D30002500014,-12.64799553,28.03940619,612876.9963862193,8601566.402451329,473.34846324565063,near-field,D20250206,2025-02-06,0.09111111,0
D30002500015,-12.6479891,28.03937853,612873.9951023053,8601567.125542356,470.2782714203966,near-field,D20250206,2025-02-06,0.0005128205,0
D30002500016,-12.64798262,28.03935068,612870.9732046293,8601567.85424502,467.1869079350644,near-field,D20250206,2025-02-06,0.6247863,0
D30002500017,-12.64797621,28.03932312,612867.9827725153,8601568.575080246,464.1277700210513,near-field,D20250206,2025-02-06,0.015042735,0
D30002500118,-12.64725608,28.03622957,612532.3127425349,8601649.553919358,120.73692688196167,near-field,D20250206,2025-02-06,0.037435897,0
D30002500121,-12.64723489,28.03613856,612522.4375510233,8601651.936671006,110.63454068927334,near-field,D20250206,2025-02-06,0.17042735,0
D30002500175,-12.64684232,28.03445256,612339.4950710756,8601696.079310097,0.0,core,D20250206,2025-02-06,0.73470086,0
D30002500176,-12.64683532,28.03442248,612336.2311802482,8601696.866422987,0.0,core,D20250206,2025-02-06,0.32102564,0
D30002500234,-12.64639921,28.03255019,612133.0744706292,8601745.903168073,0.0,core,D20250206,2025-02-06,0.71418804,0
D30002500330,-12.64569661,28.02953316,611805.7040693243,8601824.90148324,0.0,core,D20250206,2025-02-06,0.8367521,0
D30002500331,-12.64568898,28.02950039,611802.1482693501,8601825.759359496,0.0,core,D20250206,2025-02-06,0.7694017,0
D30002500332,-12.64568137,28.02946773,611798.6044074942,8601826.6149763,0.0,core,D20250206,2025-02-06,0.72444445,0
D30002500502,-12.64447895,28.02430304,611238.1930338865,8601961.802964017,96.32472401397082,buffer,D20250206,2025-02-06,0.9707692,1
D30002500503,-12.64447205,28.02427342,611234.9790089197,8601962.57869005,98.62829053508091,buffer,D20250206,2025-02-06,0.96324784,1
D30002600004,-12.64817918,28.03963517,612901.7848350444,8601545.991981722,500.599531018604,far-field,D20250206,2025-02-06,0.21811965,0
D30002600005,-12.6481733,28.03960987,612899.0396277575,8601546.653227221,497.7913148376129,near-field,D20250206,2025-02-06,0.5974359,0
D30002600006,-12.64816744,28.03958465,612896.303100243,8601547.312225927,494.99199811800565,near-field,D20250206,2025-02-06,0.73675215,0
D30002600007,-12.64816158,28.03955942,612893.5654865388,8601547.97122867,492.19160406021183,near-field,D20250206,2025-02-06,0.80735046,0
D30002600011,-12.64813796,28.03945772,612882.5303952256,8601550.627481442,480.9034677209074,near-field,D20250206,2025-02-06,0.30786324,0
D30002600015,-12.64811374,28.03935348,612871.2197005316,8601553.35118553,469.3332624644453,near-field,D20250206,2025-02-06,0.9482051,1
D30002600016,-12.64810757,28.03932693,612868.3388589956,8601554.045041203,466.38630683571466,near-field,D20250206,2025-02-06,0.47418803,0
D30002600017,-12.64810089,28.03929825,612865.2269055587,8601554.796221418,463.20271757686487,near-field,D20250206,2025-02-06,0.36410257,0
D30002600118,-12.64737967,28.03620008,612529.0557423542,8601635.897581825,119.29900141014868,near-field,D20250206,2025-02-06,0.27641025,0
D30002600121,-12.64735849,28.03610907,612519.1805511287,8601638.27922672,109.19676064478732,near-field,D20250206,2025-02-06,0.17675214,0
D30002600125,-12.64733024,28.03598772,612506.0132696877,8601641.45585513,95.72660508646288,buffer,D20250206,2025-02-06,0.056239314,0
D30002600175,-12.64696494,28.03441894,612335.7900321529,8601682.532012727,0.0,core,D20250206,2025-02-06,0.2965812,0
D30002600176,-12.64695794,28.03438885,612332.5250567597,8601683.319129609,0.0,core,D20250206,2025-02-06,0.5246154,0
D30002600232,-12.64653953,28.03259244,612137.601955102,8601730.365722839,0.0,core,D20250206,2025-02-06,0.57247865,0
D30002600235,-12.64651792,28.03249964,612127.5324866911,8601732.79555132,0.0,core,D20250206,2025-02-06,0.9254701,1
D30002600329,-12.6458269,28.02953244,611805.5691790176,8601810.491780274,0.0,core,D20250206,2025-02-06,0.8264957,0
D30002600331,-12.64581225,28.02946953,611798.7429589255,8601812.138943184,0.0,core,D20250206,2025-02-06,0.82222223,0
D30002600332,-12.64580488,28.0294379,611795.3108616273,8601812.967575748,0.0,core,D20250206,2025-02-06,0.8411966,0
D30002600430,-12.64511724,28.02648401,611474.7901523537,8601890.280398645,20.88947171796336,buffer,D20250206,2025-02-06,0.30888888,0
D30002600503,-12.64459637,28.02424701,611232.056822418,8601948.840206265,88.9286273143446,buffer,D20250206,2025-02-06,0.98820513,1
D30002600505,-12.64458225,28.02418636,611225.4757743644,8601950.42764787,94.29079060654657,buffer,D20250206,2025-02-06,1.0,1
D30002700003,-12.64830732,28.03962534,612900.6609009122,8601531.823958708,501.3433534606246,far-field,D20250206,2025-02-06,0.35384616,0
D30002700006,-12.64828983,28.03955002,612892.4882097712,8601533.790854126,492.98330073081553,near-field,D20250206,2025-02-06,0.72581196,0
D30002700007,-12.64828409,28.03952529,612889.80484876,8601534.436368866,490.23845967340964,near-field,D20250206,2025-02-06,0.73435897,0
D30002700011,-12.64826111,28.03942633,612879.0670681508,8601537.020654442,479.25450432563764,near-field,D20250206,2025-02-06,0.5779487,0
D30002700016,-12.64823195,28.03930079,612865.4451918897,8601540.299910234,465.32022117219964,near-field,D20250206,2025-02-06,0.51452994,0
D30002700017,-12.64822508,28.03927128,612862.2431785036,8601541.072462294,462.0445469940981,near-field,D20250206,2025-02-06,0.6471795,0
D30002700130,-12.64741853,28.03580659,612486.3023389212,8601631.768887997,77.45629730338638,buffer,D20250206,2025-02-06,0.2591453,0
D30002700172,-12.64710859,28.03447564,612341.8853342612,8601666.620023504,0.0,core,D20250206,2025-02-06,0.96991456,1
D30002700173,-12.64710158,28.03444555,612338.6203652171,8601667.408247247,0.0,core,D20250206,2025-02-06,0.9302564,1
D30002700174,-12.64709458,28.03441547,612335.3564777353,8601668.19536031,0.0,core,D20250206,2025-02-06,0.857094,0
D30002700175,-12.64708758,28.03438538,612332.0915040154,8601668.982477278,0.0,core,D20250206,2025-02-06,0.55572647,0
D30002700233,-12.64665665,28.03253512,612131.3253839085,8601717.436861683,0.0,core,D20250206,2025-02-06,0.76,0
D30002700328,-12.64595691,28.02953055,611805.3073375452,8601796.113544976,0.0,core,D20250206,2025-02-06,0.7480342,0
D30002700329,-12.64594983,28.02950014,611802.0076191216,8601796.909583366,0.0,core,D20250206,2025-02-06,0.8237607,0
D30002700330,-12.64594273,28.02946962,611798.6959622572,8601797.707880348,0.0,core,D20250206,2025-02-06,0.7620513,0
D30002700429,-12.64524868,28.02648819,611475.1871185917,8601875.74143112,6.385532906895086,buffer,D20250206,2025-02-06,0.65726495,0
D30002700430,-12.64524105,28.02645544,611471.6334777441,8601876.5992562,7.0743796557371885,buffer,D20250206,2025-02-06,0.6386325,0
D30002800011,-12.64838344,28.03939148,612875.2283195709,8601523.506011909,477.2212723822146,near-field,D20250206,2025-02-06,0.76273507,0
D30002800013,-12.64837192,28.03934188,612869.8464113348,8601524.80152236,471.7159475598967,near-field,D20250206,2025-02-06,0.51350427,0
D30002800016,-12.64835319,28.03926132,612861.1051582991,8601526.907813326,462.7739625348762,near-field,D20250206,2025-02-06,0.6340171,0
D30002800017,-12.64834659,28.03923293,612858.0246690251,8601527.650019888,459.62274253340377,near-field,D20250206,2025-02-06,0.6148718,0
D30002800116,-12.64764098,28.03620177,612529.1248371773,8601606.996037204,123.15776025199571,near-field,D20250206,2025-02-06,0.36512822,0
D30002800117,-12.64763392,28.03617143,612525.8327483136,8601607.789920954,119.78999102630368,near-field,D20250206,2025-02-06,0.29811966,0
D30002800137,-12.64749272,28.03556482,612460.0115742857,8601623.66743105,52.455053443840455,buffer,D20250206,2025-02-06,0.88119656,0
D30002800138,-12.64748566,28.0355345,612456.7216543555,8601624.461297885,49.089436637946584,buffer,D20250206,2025-02-06,0.0054700854,0
D30002800139,-12.6474786,28.03550417,612453.4306481858,8601625.255168619,45.72274246243169,buffer,D20250206,2025-02-06,0.47470087,0
D30002800172,-12.64723113,28.03444169,612338.1444909365,8601653.081716059,0.0,core,D20250206,2025-02-06,0.082905985,0
D30002800173,-12.64722413,28.03441161,612334.8806051255,8601653.868829204,0.0,core,D20250206,2025-02-06,0.67504275,0
D30002800174,-12.64721713,28.03438154,612331.6178052488,8601654.655937666,0.0,core,D20250206,2025-02-06,0.68393165,0
D30002800231,-12.6467953,28.03257027,612135.0824703871,8601702.08716046,0.0,core,D20250206,2025-02-06,0.9321368,1
D30002800232,-12.64678797,28.03253881,612131.6688391269,8601702.911338672,0.0,core,D20250206,2025-02-06,0.94666666,1
D30002800328,-12.64608037,28.0295005,611801.9899184543,8601782.471768921,0.0,core,D20250206,2025-02-06,0.38136753,0
D30002800329,-12.64607332,28.0294702,611798.702135515,8601783.264442064,0.0,core,D20250206,2025-02-06,0.17606838,0
D30002800330,-12.64606626,28.02943991,611795.4154428629,8601784.058216535,0.0,core,D20250206,2025-02-06,0.6752137,0
D30002800429,-12.64537282,28.02646105,611472.1856126981,8601862.02318171,0.0,core,D20250206,2025-02-06,0.84615386,0
D30002800430,-12.64536519,28.02642829,611468.6308874496,8601862.881010812,0.0,core,D20250206,2025-02-06,0.78478634,0
D30002900006,-12.64853514,28.03948305,612885.1069180394,8601506.688503409,489.2200661612183,near-field,D20250206,2025-02-06,0.6128205,0
D30002900007,-12.64852932,28.039458,612882.3888400602,8601507.34300372,486.43962957158317,near-field,D20250206,2025-02-06,0.64700854,0
D30002900008,-12.6485235,28.03943293,612879.6685898127,8601507.997512389,483.65703837867517,near-field,D20250206,2025-02-06,0.9211966,1
D30002900010,-12.64851185,28.0393828,612874.2291794781,8601509.307630602,478.0927923648954,near-field,D20250206,2025-02-06,0.09264957,0
D30002900011,-12.64850602,28.0393577,612871.5056750634,8601509.963257402,475.30682847379916,near-field,D20250206,2025-02-06,0.48051283,0
D30002900014,-12.64848794,28.03927987,612863.0606416188,8601511.996481588,466.6680869548242,near-field,D20250206,2025-02-06,0.45777777,0
D30002900117,-12.64775751,28.03614194,612522.5757543456,8601594.133582916,118.35207177976831,near-field,D20250206,2025-02-06,0.0,0
D30002900138,-12.64760925,28.03550502,612453.465779125,8601610.804950256,47.65262772442133,buffer,D20250206,2025-02-06,0.4565812,0
D30002900143,-12.64757385,28.03535295,612436.9651827149,8601614.785539186,30.772511383935424,buffer,D20250206,2025-02-06,0.671453,0
D30002900145,-12.64755973,28.03529228,612430.382085701,8601616.373280082,24.03804780147357,buffer,D20250206,2025-02-06,0.9059829,0
D30002900146,-12.64755267,28.03526193,612427.0889078355,8601617.167156383,20.669199956310248,buffer,D20250206,2025-02-06,0.0,0
D30002900147,-12.6475457,28.03523202,612423.8434781656,8601617.95088924,17.349018172799532,buffer,D20250206,2025-02-06,0.7116239,0
D30002900149,-12.64753152,28.0351711,612417.2332540543,8601619.545370381,10.586777838329489,buffer,D20250206,2025-02-06,0.92273504,1
D30002900150,-12.64752367,28.03513738,612413.5744106263,8601620.428066863,6.8437743346250866,buffer,D20250206,2025-02-06,0.00017094017,0
D30002900172,-12.64735379,28.03440823,612334.456816371,8601639.52992593,0.0,core,D20250206,2025-02-06,0.8316239,0
D30002900231,-12.6469188,28.03254038,612131.7822568313,8601688.44091788,0.0,core,D20250206,2025-02-06,0.9798291,1
D30002900330,-12.64618986,28.02941041,611792.1577034908,8601770.400720777,0.0,core,D20250206,2025-02-06,0.8505983,0
D30002900429,-12.64549659,28.0264323,611469.0094090472,8601848.346539717,0.0,core,D20250206,2025-02-06,0.5962393,0
D30002900430,-12.64548906,28.02639997,611465.5013440076,8601849.193125442,0.0,core,D20250206,2025-02-06,0.7664957,0
D30003000004,-12.64867072,28.03950517,612887.4497529191,8601491.683830295,493.5104378700113,near-field,D20250206,2025-02-06,0.81470084,0
D30003000005,-12.6486649,28.03948012,612884.7316764406,8601492.338330954,490.73000272233014,near-field,D20250206,2025-02-06,0.44786325,0
D30003000006,-12.64865909,28.03945507,612882.013595463,8601492.991725346,487.94970819477226,near-field,D20250206,2025-02-06,0.84136754,0
D30003000007,-12.64865326,28.03943,612879.2933510065,8601493.647340093,485.16697768747593,near-field,D20250206,2025-02-06,0.0015384615,0
D30003000008,-12.64864744,28.03940493,612876.5731020508,8601494.301848572,482.38438780018737,near-field,D20250206,2025-02-06,0.8473504,0
D30003000009,-12.64864162,28.03937986,612873.8528529899,8601494.956356779,479.6017978442325,near-field,D20250206,2025-02-06,0.5348718,0
D30003000010,-12.64863579,28.03935476,612871.1293499733,8601495.611983659,476.815835328705,near-field,D20250206,2025-02-06,0.894359,0
D30003000011,-12.64862995,28.03932962,612868.4015069192,8601496.268733522,474.0254229867394,near-field,D20250206,2025-02-06,0.16478632,0
D30003000013,-12.64861764,28.03927664,612862.6528552544,8601497.65307519,468.1448725012861,near-field,D20250206,2025-02-06,0.82974356,0
D30003000014,-12.64861128,28.0392493,612859.686302373,8601498.36828524,465.11014529049623,near-field,D20250206,2025-02-06,0.46735042,0
D30003000015,-12.64860492,28.03922195,612856.7186632848,8601499.083499284,462.07434073041696,near-field,D20250206,2025-02-06,0.9635897,1
D30003000016,-12.64859856,28.0391946,612853.7510240711,8601499.798713006,459.0385360881854,near-field,D20250206,2025-02-06,0.21128204,0
D30003000017,-12.6485922,28.03916723,612850.7812125699,8601500.513935033,456.0005768304781,near-field,D20250206,2025-02-06,0.52153844,0
D30003000018,-12.64858583,28.03913985,612847.8103192542,8601501.23026705,452.9613995331917,near-field,D20250206,2025-02-06,0.066495724,0
D30003000019,-12.64857946,28.03911246,612844.8383397312,8601501.946603056,449.9211448866428,near-field,D20250206,2025-02-06,0.4579487,0
D30003000020,-12.64857308,28.03908502,612841.8609340673,8601502.664066307,446.8753631315599,near-field,D20250206,2025-02-06,0.10871795,0
D30003000146,-12.64767524,28.03522811,612423.362133421,8601603.625483153,18.750520006653854,buffer,D20250206,2025-02-06,0.26393163,0
D30003000159,-12.64756814,28.03476866,612373.5088392845,8601615.66809906,0.0,core,D20250206,2025-02-06,0.00017094017,0
D30003000161,-12.64755473,28.03471103,612367.2555989348,8601617.175993513,0.0,core,D20250206,2025-02-06,0.93470085,1
D30003000168,-12.64750616,28.03450233,612344.6102519853,8601622.637447046,0.0,core,D20250206,2025-02-06,0.23076923,0
D30003000229,-12.64705677,28.03257266,612135.2279279568,8601673.167653777,0.0,core,D20250206,2025-02-06,0.782906,0
D30003000231,-12.64704215,28.03250988,612128.4158601175,8601674.811526407,0.0,core,D20250206,2025-02-06,0.9403419,1
D30003000232,-12.64703484,28.0324785,612125.010912036,8601675.6334578,0.0,core,D20250206,2025-02-06,0.98,1
D30003000429,-12.64562022,28.02640299,611465.7724475916,8601834.68561995,0.0,core,D20250206,2025-02-06,0.942735,1
D30003000430,-12.6456128,28.02637114,611462.3164688261,8601835.519835006,0.0,core,D20250206,2025-02-06,0.9211966,1
D30003000506,-12.64507704,28.0240699,611212.6129899871,8601895.75369982,75.63058529124002,buffer,D20250206,2025-02-06,0.9982906,1
D30003100003,-12.64880114,28.039505,612887.3739779582,8601477.259470731,495.32698386455536,near-field,D20250206,2025-02-06,0.0,0
D30003100004,-12.6487952,28.03947942,612884.5983933326,8601477.927472185,492.48776670116195,near-field,D20250206,2025-02-06,0.57555556,0
D30003100009,-12.64876558,28.03935193,612870.7649627337,8601481.25845034,478.33697326043637,near-field,D20250206,2025-02-06,0.0,0
D30003100014,-12.64873462,28.03921874,612856.313051906,8601484.740084311,463.5532836025139,near-field,D20250206,2025-02-06,0.4905983,0
D30003100017,-12.64871554,28.03913666,612847.4068802159,8601486.885737699,454.4426421278805,near-field,D20250206,2025-02-06,0.7411966,0
D30003100018,-12.64870917,28.03910928,612844.4359882992,8601487.602069475,451.4034662491013,near-field,D20250206,2025-02-06,0.31094018,0
D30003100019,-12.6487028,28.03908188,612841.4629240948,8601488.318409555,448.36213575486,near-field,D20250206,2025-02-06,0.47418803,0
D30003100020,-12.64869652,28.03905486,612838.5310913168,8601489.02463142,445.3630075274663,near-field,D20250206,2025-02-06,0.14034188,0
D30003100112,-12.64803999,28.0362346,612532.5156771229,8601562.851512965,132.30859897550874,near-field,D20250206,2025-02-06,0.68410254,0
D30003100160,-12.6476859,28.03471406,612367.5273122062,8601602.667330485,0.0,core,D20250206,2025-02-06,0.122735046,0
D30003100163,-12.64766598,28.03462845,612358.2380582861,8601604.907244433,0.0,core,D20250206,2025-02-06,0.8452991,0
D30003100164,-12.64765934,28.0345999,612355.1401919277,8601605.653887441,0.0,core,D20250206,2025-02-06,0.91931623,1
D30003100231,-12.64716609,28.03248185,612125.3174717538,8601661.115822354,0.0,core,D20250206,2025-02-06,0.9694017,1
D30003100232,-12.64715872,28.03245021,612121.8843132469,8601661.944500905,0.0,core,D20250206,2025-02-06,0.98068374,1
D30003100429,-12.6457439,28.02637388,611462.5571888158,8601821.019084767,0.0,core,D20250206,2025-02-06,0.9362393,1
D30003100430,-12.6457366,28.02634252,611459.1543780287,8601821.83981891,0.0,core,D20250206,2025-02-06,0.93948716,1
D30003200009,-12.6488913,28.0393315,612868.4908619391,8601467.36265202,477.9048620292172,near-field,D20250206,2025-02-06,0.017435897,0
D30003200014,-12.64885871,28.03919133,612853.2815900198,8601471.027574325,462.3463152023763,near-field,D20250206,2025-02-06,0.5680342,0
D30003200015,-12.64885216,28.0391632,612850.2293229259,8601471.764138378,459.2238136163116,near-field,D20250206,2025-02-06,0.768547,0
D30003200020,-12.64881956,28.03902302,612835.0189653719,8601475.430160835,443.66404625273,near-field,D20250206,2025-02-06,0.00017094017,0
D30003200022,-12.64880561,28.03896307,612828.5140390284,8601476.998885894,437.00957201834854,near-field,D20250206,2025-02-06,0.94017094,1
D30003200027,-12.64877049,28.03881217,612812.140504848,8601480.948230747,420.2595179844441,near-field,D20250206,2025-02-06,0.7757265,0
D30003200111,-12.64817065,28.03623545,612532.5507606389,8601548.400184711,134.23858277926513,near-field,D20250206,2025-02-06,0.056239314,0
D30003200112,-12.64816359,28.03620512,612529.2597648508,8601549.194065133,130.87189762530102,near-field,D20250206,2025-02-06,0.4259829,0
D30003200113,-12.64815653,28.03617478,612525.9676828256,8601549.987949459,127.5041351036509,near-field,D20250206,2025-02-06,0.9042735,0
D30003200162,-12.64779673,28.03462971,612358.317722381,8601590.44579376,0.0,core,D20250206,2025-02-06,0.3782906,0
D30003200166,-12.64776833,28.03450769,612345.0777497633,8601593.639225736,0.0,core,D20250206,2025-02-06,0.0023931623,0
D30003200167,-12.64776091,28.03447585,612341.622903975,8601594.473547885,0.0,core,D20250206,2025-02-06,0.7442735,0
D30003200168,-12.64775362,28.03444451,612338.2223053582,8601595.293276943,0.0,core,D20250206,2025-02-06,0.9338462,1
D30003200170,-12.64773903,28.03438188,612331.426542422,8601596.933818318,0.0,core,D20250206,2025-02-06,0.87641025,0
D30003200328,-12.64657724,28.02939318,611790.1178304882,8601727.564042501,0.0,core,D20250206,2025-02-06,0.8271795,0
D30003200429,-12.64586725,28.02634336,611459.1889371655,8601807.389647758,0.0,core,D20250206,2025-02-06,0.9208547,1
D30003200507,-12.6453174,28.02398161,611202.919868798,8601869.207565423,83.7750737651145,buffer,D20250206,2025-02-06,0.68564105,0
D30003300013,-12.64898944,28.0391925,612853.3512300765,8601456.568351816,464.31159237715696,near-field,D20250206,2025-02-06,0.003931624,0
D30003300014,-12.64898269,28.03916352,612850.2067356309,8601457.327402659,461.09471097033,near-field,D20250206,2025-02-06,0.36820513,0
D30003300015,-12.64897597,28.03913463,612847.0720025863,8601458.083096322,457.88794693230227,near-field,D20250206,2025-02-06,0.5705983,0
D30003300016,-12.64896927,28.03910583,612843.9470353366,8601458.836538803,454.69115957404,near-field,D20250206,2025-02-06,0.81589746,0
D30003300020,-12.6489424,28.03899032,612831.4135272118,8601461.85818086,441.8696291623744,near-field,D20250206,2025-02-06,0.63641024,0
D30003300030,-12.64887151,28.03868576,612798.3670006285,8601469.829945602,408.06306584565516,near-field,D20250206,2025-02-06,0.13247864,0
D30003300031,-12.64886369,28.0386522,612794.7255487506,8601470.70930672,404.33774109961814,near-field,D20250206,2025-02-06,0.006837607,0
D30003300032,-12.6488558,28.03861836,612791.0537171686,8601471.596530069,400.5812679452943,near-field,D20250206,2025-02-06,0.29299146,0
D30003300036,-12.64882358,28.03848008,612776.0495431736,8601475.21967323,385.2315267619184,near-field,D20250206,2025-02-06,0.26735044,0
D30003300160,-12.64793433,28.03466037,612361.5874739655,8601575.214108296,0.0,core,D20250206,2025-02-06,0.92102563,1
D30003300162,-12.64792076,28.03460205,612355.2593725317,8601576.739993101,0.0,core,D20250206,2025-02-06,0.009572649,0
D30003300163,-12.64791359,28.03457125,612351.917372346,8601577.546220133,0.0,core,D20250206,2025-02-06,0.9625641,1
D30003300164,-12.64790628,28.03453986,612348.5113543225,8601578.36818408,0.0,core,D20250206,2025-02-06,0.40136752,0
D30003300167,-12.64788436,28.03444573,612338.2976392207,8601580.832950205,0.0,core,D20250206,2025-02-06,0.8157265,0
D30003300429,-12.64599067,28.02631313,611455.8521544216,8601793.752344988,0.0,core,D20250206,2025-02-06,0.8647863,0
D30003300430,-12.64598331,28.02628152,611452.4222206483,8601794.579821037,0.0,core,D20250206,2025-02-06,0.9307692,1
D30003400019,-12.64907223,28.03898764,612831.0654326412,8601447.50015964,443.40750760982473,near-field,D20250206,2025-02-06,0.10564102,0
D30003400020,-12.64906546,28.03895855,612827.9090007399,8601448.261467494,440.1784958537644,near-field,D20250206,2025-02-06,0.63418806,0
D30003400022,-12.64905189,28.03890022,612821.579858493,8601449.787464797,433.7038910130106,near-field,D20250206,2025-02-06,0.13282052,0
D30003400028,-12.64901048,28.03872228,612802.2723421982,8601454.444139868,413.95243262480307,near-field,D20250206,2025-02-06,0.63641024,0
D30003400030,-12.64899607,28.03866036,612795.553663842,8601456.06458304,407.0792699658275,near-field,D20250206,2025-02-06,0.74752134,0
D30003400033,-12.64897387,28.03856506,612785.2130706273,8601458.56098897,396.500596520091,near-field,D20250206,2025-02-06,0.65076923,0
D30003400035,-12.6489588,28.03850034,612778.1905780284,8601460.255630957,389.31651283660824,near-field,D20250206,2025-02-06,0.5694017,0
D30003400036,-12.64895123,28.03846784,612774.6641417122,8601461.106882622,385.7088966854338,near-field,D20250206,2025-02-06,0.48153847,0
D30003400160,-12.64805813,28.03463177,612358.4271323481,8601561.534149494,0.0,core,D20250206,2025-02-06,0.0,0
D30003400163,-12.64803692,28.03454067,612348.5421965052,8601563.919092773,0.0,core,D20250206,2025-02-06,0.92581195,1
D30003400164,-12.64802961,28.03450928,612345.1361800851,8601564.741056444,0.0,core,D20250206,2025-02-06,0.056923077,0
D30003400170,-12.64798568,28.03432061,612324.6642679706,8601569.680713229,0.0,core,D20250206,2025-02-06,0.9153846,1
D30003400173,-12.64796307,28.03422352,612314.1293758558,8601572.22305541,0.0,core,D20250206,2025-02-06,0.88017094,0
D30003400174,-12.64795552,28.03419112,612310.613768325,8601573.071992304,0.0,core,D20250206,2025-02-06,0.7974359,0
D30003400175,-12.64794788,28.03415834,612307.0569288152,8601573.931045843,0.0,core,D20250206,2025-02-06,0.9420513,1
D30003400180,-12.64790982,28.03399493,612289.3258854318,8601578.210612338,0.0,core,D20250206,2025-02-06,0.6900855,0
D30003400229,-12.64755301,28.03246262,612123.0600721921,8601618.330858888,0.0,core,D20250206,2025-02-06,0.88564104,0
D30003400324,-12.646855,28.02946543,611797.843950008,8601696.813049702,0.0,core,D20250206,2025-02-06,0.50735044,0
D30003400325,-12.64684789,28.02943488,611794.5290510656,8601697.612465974,0.0,core,D20250206,2025-02-06,0.7129915,0
D30003400429,-12.64611517,28.0262875,611453.0145064195,8601779.993635207,0.0,core,D20250206,2025-02-06,0.9634188,1
D30003400430,-12.64610769,28.02625536,611449.5270636647,8601780.834608722,0.0,core,D20250206,2025-02-06,0.97726494,1
D30003500025,-12.64915518,28.03878346,612808.8534337507,8601438.413961843,422.5789453417555,near-field,D20250206,2025-02-06,0.55059826,0
D30003500030,-12.64912039,28.03863397,612792.6329127569,8601442.326191116,405.98545045360447,near-field,D20250206,2025-02-06,0.82119656,0
D30003500041,-12.64904239,28.03829889,612756.2748086463,8601451.097431855,368.79106417548013,near-field,D20250206,2025-02-06,0.27162394,0
D30003500042,-12.64903523,28.03826812,612752.9360848527,8601451.902589254,365.3755843196998,near-field,D20250206,2025-02-06,0.0,0
D30003500050,-12.64897676,28.03801701,612725.6892015616,8601458.477580573,337.5017530671936,near-field,D20250206,2025-02-06,0.7442735,0
D30003500163,-12.64816027,28.03451014,612345.1724450294,8601550.289731676,0.0,core,D20250206,2025-02-06,0.7608547,0
D30003500187,-12.64797845,28.03372958,612260.4766872538,8601570.73403371,0.0,core,D20250206,2025-02-06,0.9565812,1
D30003500190,-12.64795706,28.0336377,612250.507106955,8601573.139184609,0.0,core,D20250206,2025-02-06,0.8206838,0
D30003500229,-12.64767613,28.03243113,612119.5862632474,8601604.727328902,0.0,core,D20250206,2025-02-06,0.72615385,0
D30003500230,-12.64766858,28.03239874,612116.0717338787,8601605.576236652,0.0,core,D20250206,2025-02-06,0.8367521,0
D30003500324,-12.64698014,28.0294425,611795.2991038577,8601682.98242356,0.0,core,D20250206,2025-02-06,0.5500855,0
D30003500325,-12.64697313,28.02941239,611792.0319507639,8601683.77059171,0.0,core,D20250206,2025-02-06,0.7726496,0
D30003500326,-12.64696611,28.02938223,611788.7593714411,8601684.559886826,0.0,core,D20250206,2025-02-06,0.4617094,0
D30003500428,-12.6462471,28.02629375,611453.636084939,8601765.399592208,0.0,core,D20250206,2025-02-06,0.9482051,1
D30003500429,-12.64623948,28.02626104,611450.0867977577,8601766.256292656,0.0,core,D20250206,2025-02-06,0.8668376,0
D30003500430,-12.64623206,28.02622919,611446.6308271819,8601767.090506459,0.0,core,D20250206,2025-02-06,0.8487179,0
D30003500513,-12.64564888,28.02372423,611174.822649215,8601832.655465107,117.08487283752697,near-field,D20250206,2025-02-06,0.56393164,0
D30003600032,-12.64923073,28.03854749,612783.1920549767,8601430.159892727,398.2216657078218,near-field,D20250206,2025-02-06,0.08034188,0
D30003600033,-12.64922377,28.03851762,612779.950993476,8601430.942545572,394.9059560038899,near-field,D20250206,2025-02-06,0.8391453,0
D30003600037,-12.64919585,28.03839765,612766.9335632303,8601434.082212329,381.5892047224962,near-field,D20250206,2025-02-06,0.9153846,1
D30003600041,-12.64916774,28.03827689,612753.8304137366,8601437.243227366,368.18467482418464,near-field,D20250206,2025-02-06,0.021709401,0
D30003600042,-12.64916069,28.03824657,612750.540516831,8601438.036024673,364.8192211058807,near-field,D20250206,2025-02-06,0.003931624,0
D30003600155,-12.64833992,28.03472149,612368.048210408,8601530.32972624,0.0,core,D20250206,2025-02-06,0.88666666,0
D30003600157,-12.64832627,28.0346628,612361.679969385,8601531.864620237,0.0,core,D20250206,2025-02-06,0.85555553,0
D30003600163,-12.64828363,28.03447965,612341.8070362037,8601536.659247134,0.0,core,D20250206,2025-02-06,0.88769233,0
D30003600187,-12.64810142,28.03369747,612256.9355434413,8601557.14737134,0.0,core,D20250206,2025-02-06,0.9249573,1
D30003600190,-12.64807954,28.03360347,612246.7359325031,8601559.6076248,0.0,core,D20250206,2025-02-06,0.69470084,0
D30003600196,-12.64803771,28.03342379,612227.2394834697,8601564.311093902,0.0,core,D20250206,2025-02-06,0.44358975,0
D30003600197,-12.6480312,28.03339577,612224.1991249411,8601565.043117423,0.0,core,D20250206,2025-02-06,0.65589744,0
D30003600324,-12.6471055,28.02942053,611792.8584280444,8601669.12705517,0.0,core,D20250206,2025-02-06,0.8360684,0
D30003600512,-12.64578052,28.02372925,611175.3109101047,8601818.094036384,118.84857761437928,near-field,D20250206,2025-02-06,0.8374359,0
D30003600513,-12.64577342,28.02369877,611172.0035834891,8601818.89224177,121.99319652009675,near-field,D20250206,2025-02-06,0.7459829,0
D30003700043,-12.64927932,28.03819568,612744.961394237,8601424.937502367,361.006074535954,near-field,D20250206,2025-02-06,0.7842735,0
D30003700044,-12.64927235,28.0381657,612741.7083901803,8601425.721304227,357.6783747336355,near-field,D20250206,2025-02-06,0.2582906,0
D30003700153,-12.64847742,28.03475172,612371.2712894201,8601515.109282754,0.0,core,D20250206,2025-02-06,0.48051283,0
D30003700165,-12.64839238,28.03438641,612331.632860558,8601524.671568716,0.0,core,D20250206,2025-02-06,0.46871796,0
D30003700187,-12.64822399,28.03366359,612253.2023408447,8601543.605708016,0.0,core,D20250206,2025-02-06,0.8319658,0
D30003700192,-12.64818661,28.03350311,612235.7892362816,8601547.808777072,0.0,core,D20250206,2025-02-06,0.99196583,1
D30003700196,-12.64815992,28.03338839,612223.3413675479,8601550.809895689,0.0,core,D20250206,2025-02-06,0.0025641026,0
D30003700201,-12.64812736,28.03324841,612208.1526179846,8601554.471062914,0.0,core,D20250206,2025-02-06,0.37965813,0
D30003700209,-12.64807095,28.03300607,612181.8571459581,8601560.813917855,0.0,core,D20250206,2025-02-06,0.0,0
D30003700216,-12.64801906,28.03278327,612157.6818951895,8601566.648460247,0.0,core,D20250206,2025-02-06,0.7801709,0
D30003800044,-12.6493977,28.03814369,612739.2629175009,8601411.867103292,357.07091645491545,near-field,D20250206,2025-02-06,0.113504276,0
D30003800046,-12.64938402,28.03808491,612732.8849551816,8601413.405441064,350.5462948069043,near-field,D20250206,2025-02-06,0.35880342,0
D30003800051,-12.64934964,28.03793717,612716.8543256687,8601417.271527357,334.14710274201616,near-field,D20250206,2025-02-06,0.7482051,0
D30003800052,-12.64934286,28.03790801,612713.6902970338,8601418.033958726,330.9104125207002,near-field,D20250206,2025-02-06,0.91470087,1
D30003800153,-12.64860124,28.03472322,612368.1217992718,8601501.427069684,0.0,core,D20250206,2025-02-06,0.0,0
D30003800199,-12.6482627,28.03326947,612210.3807919959,8601539.493473247,0.0,core,D20250206,2025-02-06,0.5160684,0
D30003800205,-12.6482211,28.03309072,612190.9852582199,8601544.17108134,0.0,core,D20250206,2025-02-06,0.0,0
D30003800227,-12.64805729,28.0323874,612114.6704828194,8601562.589917742,0.0,core,D20250206,2025-02-06,0.97897434,1
D30003800228,-12.64804971,28.03235487,612111.1407666202,8601563.44220329,0.0,core,D20250206,2025-02-06,0.98376065,1
D30003800229,-12.64804203,28.03232193,612107.5665645257,8601564.305724038,0.0,core,D20250206,2025-02-06,0.7936752,0
D30003800262,-12.64780127,28.03128802,611995.3804501221,8601591.376509078,0.0,core,D20250206,2025-02-06,0.8899145,0
D30003900059,-12.64942115,28.03768372,612689.29630766,8601409.47173215,307.89716852519354,near-field,D20250206,2025-02-06,0.90068376,0
D30003900223,-12.64820844,28.03247635,612124.2652117587,8601545.834663419,0.0,core,D20250206,2025-02-06,0.87042737,0
D30003900228,-12.64817175,28.03231879,612107.168927912,8601549.960086832,0.0,core,D20250206,2025-02-06,0.98991454,1
D30003900229,-12.64816419,28.03228633,612103.6468070084,8601550.810129574,0.0,core,D20250206,2025-02-06,0.87880343,0
D30003900240,-12.64808248,28.03193549,612065.5783756139,8601559.997535976,0.0,core,D20250206,2025-02-06,0.9873504,1
D30003900253,-12.64799089,28.03154207,612022.8896955127,8601570.295846276,0.0,core,D20250206,2025-02-06,0.9726496,1
D30003900256,-12.64796863,28.0314465,612012.5197172812,8601572.798713796,0.0,core,D20250206,2025-02-06,0.98205125,1
D30003900257,-12.64796114,28.0314143,612009.025799238,8601573.64089106,0.0,core,D20250206,2025-02-06,0.98820513,1
D30003900260,-12.64793843,28.03131685,611998.4518317265,8601576.194327964,0.0,core,D20250206,2025-02-06,0.96410257,1
D30003900276,-12.64782287,28.03082055,611944.5999416086,8601589.187628707,0.0,core,D20250206,2025-02-06,0.6259829,0
D30003900277,-12.64781599,28.03079098,611941.3913940447,8601589.961206244,0.0,core,D20250206,2025-02-06,0.0,0
D30003900284,-12.64776664,28.03057898,611918.3879480889,8601595.509995166,0.0,core,D20250206,2025-02-06,0.98649573,1
D30003900302,-12.64763835,28.03002795,611858.5974080284,8601609.934471147,0.0,core,D20250206,2025-02-06,0.9897436,1
D30003900321,-12.6475058,28.02945851,611796.8091915997,8601624.83783732,0.0,core,D20250206,2025-02-06,0.7887179,0
D30004000146,-12.64890008,28.03488604,612385.674619612,8601468.305510944,0.0,core,D20250206,2025-02-06,0.0,0
D30004000148,-12.64888567,28.03482416,612378.9602666616,8601469.925836284,0.0,core,D20250206,2025-02-06,0.6957265,0
D30004000232,-12.64826503,28.03215916,612089.7911134035,8601539.71175436,0.0,core,D20250206,2025-02-06,0.7801709,0
D30004000236,-12.64823497,28.03203012,612075.7894404972,8601543.091663597,0.0,core,D20250206,2025-02-06,0.8247863,0
D30004000239,-12.64821268,28.03193444,612065.4075416571,8601545.59791672,0.0,core,D20250206,2025-02-06,0.662906,0
D30004000248,-12.64814853,28.03165887,612035.5063848472,8601552.810909564,0.0,core,D20250206,2025-02-06,0.067179486,0
D30004000255,-12.64809855,28.03144419,612012.2121865548,8601558.43060382,0.0,core,D20250206,2025-02-06,0.8507692,0
D30004000258,-12.64807637,28.03134898,612001.8812761782,8601560.924465641,0.0,core,D20250206,2025-02-06,0.6697436,0
D30004000259,-12.64806895,28.03131712,611998.4242556691,8601561.75875417,0.0,core,D20250206,2025-02-06,0.89965814,0
D30004000277,-12.64794073,28.03076637,611938.6641945897,8601576.17554587,0.0,core,D20250206,2025-02-06,0.6996581,0
D30004000283,-12.64789929,28.03058832,611919.3445619147,8601580.834967526,0.0,core,D20250206,2025-02-06,0.7095727,0
D30004000286,-12.64787827,28.03049801,611909.545312732,8601583.198402774,0.0,core,D20250206,2025-02-06,0.5726496,0
D30004000289,-12.64785688,28.03040615,611899.5778806261,8601585.603419311,0.0,core,D20250206,2025-02-06,0.8576068,0
D30004000290,-12.64784937,28.03037389,611896.0774509956,8601586.44781995,0.0,core,D20250206,2025-02-06,0.8271795,0
D30004000293,-12.64782722,28.0302788,611885.7595434415,8601588.938268598,0.0,core,D20250206,2025-02-06,0.23128206,0
D30004000314,-12.64768338,28.02966071,611818.692505546,8601605.111161131,0.0,core,D20250206,2025-02-06,0.77555555,0
D30004000315,-12.64767674,28.02963219,611815.5978881076,8601605.857731387,0.0,core,D20250206,2025-02-06,0.86991453,0
D30004000320,-12.64763995,28.02947423,611798.4581381583,8601609.994193466,0.0,core,D20250206,2025-02-06,0.9601709,1
D30004000428,-12.64687089,28.0261711,611440.0446677349,8601696.461024603,0.0,core,D20250206,2025-02-06,0.8047863,0
D30004000429,-12.64686391,28.02614112,611436.7916126664,8601697.245777661,0.0,core,D20250206,2025-02-06,0.85846156,0
D30004100077,-12.64954117,28.0370784,612623.5012384782,8601396.458236132,245.8082982789773,near-field,D20250206,2025-02-06,0.55435896,0
D30004100145,-12.64903387,28.0349002,612387.15397452,8601453.50229252,2.885404368492333,buffer,D20250206,2025-02-06,0.32393163,0
D30004100146,-12.64902663,28.03486911,612383.7805240733,8601454.316391151,0.9047742184420746,buffer,D20250206,2025-02-06,0.48051283,0
D30004100221,-12.64847065,28.03248188,612124.7513718877,8601516.831965012,0.0,core,D20250206,2025-02-06,0.63641024,0
D30004100242,-12.64831571,28.03181657,612052.5609665652,8601534.25332772,0.0,core,D20250206,2025-02-06,0.9475214,1
D30004100253,-12.64823629,28.0314755,612015.5526493632,8601543.183209926,0.0,core,D20250206,2025-02-06,0.41418803,0
D30004100256,-12.648214,28.03137978,612005.1664026747,8601545.68945775,0.0,core,D20250206,2025-02-06,0.7552137,0
D30004100259,-12.64819207,28.0312856,611994.947253964,8601548.155226512,0.0,core,D20250206,2025-02-06,0.9035897,0
D30004100261,-12.64817743,28.03122274,611988.1265314557,8601549.801313616,0.0,core,D20250206,2025-02-06,0.36547008,0
D30004100262,-12.64817012,28.03119134,611984.7194238362,8601550.623237692,0.0,core,D20250206,2025-02-06,0.006666667,0
D30004100283,-12.64802495,28.03056762,611917.0416308503,8601566.945881603,0.0,core,D20250206,2025-02-06,0.6880342,0
D30004100284,-12.64801817,28.03053847,611913.8786572132,8601567.708216557,0.0,core,D20250206,2025-02-06,0.9777778,1
D30004100289,-12.64798332,28.03038877,611897.6351984874,8601571.626644894,0.0,core,D20250206,2025-02-06,0.8196581,0
D30004100290,-12.64797573,28.03035618,611894.0989647303,8601572.48003454,0.0,core,D20250206,2025-02-06,0.6288889,0
D30004100312,-12.64782103,28.02969161,611821.988587766,8601589.873928262,0.0,core,D20250206,2025-02-06,0.55059826,0
D30004100330,-12.64769141,28.02913496,611761.5882279451,8601604.447696721,0.0,core,D20250206,2025-02-06,0.48051283,0
D30004100337,-12.64764114,28.02891904,611738.1594027387,8601610.099762134,0.0,core,D20250206,2025-02-06,0.0,0
D30004100338,-12.64763401,28.02888841,611734.8358330547,8601610.90141831,0.0,core,D20250206,2025-02-06,0.8535043,0
D30004100339,-12.64762689,28.02885784,611731.5187753597,8601611.701942462,0.0,core,D20250206,2025-02-06,0.5497436,0
D30004100344,-12.6475918,28.02870713,611715.1656844463,8601615.647237659,0.0,core,D20250206,2025-02-06,0.9924786,1
D30004100375,-12.64737537,28.02777736,611614.2790194367,8601639.981117407,0.0,core,D20250206,2025-02-06,0.73025644,0
D30004100427,-12.64700093,28.02616934,611439.7971135864,8601682.079426063,0.0,core,D20250206,2025-02-06,0.5319658,0
D30004100428,-12.64699406,28.02613982,611436.5939723644,8601682.851817371,0.0,core,D20250206,2025-02-06,0.6738461,0
D30004100522,-12.64633427,28.02330576,611129.0766458377,8601757.029558158,173.94877890855213,near-field,D20250206,2025-02-06,0.98615384,1
D30004200090,-12.64956736,28.03663069,612574.8650115783,8601393.754344814,199.73536793038505,near-field,D20250206,2025-02-06,0.937265,1
D30004200146,-12.64915217,28.03484792,612381.4242024745,8601440.44080707,14.85041913488074,buffer,D20250206,2025-02-06,0.0,0
D30004200193,-12.64879734,28.03332458,612216.1326454008,8601480.338834945,0.0,core,D20250206,2025-02-06,0.1451282,0
D30004200246,-12.64841265,28.03167254,612036.8758723654,8601523.59348868,0.0,core,D20250206,2025-02-06,0.014529915,0
D30004200260,-12.64830969,28.03123042,611988.9029865512,8601535.170124665,0.0,core,D20250206,2025-02-06,0.8769231,0
D30004200261,-12.64830237,28.03119898,611985.491540775,8601535.993172102,0.0,core,D20250206,2025-02-06,0.28957266,0
D30004200263,-12.6482875,28.03113513,611978.5633991776,8601537.665118795,0.0,core,D20250206,2025-02-06,0.5974359,0
D30004200264,-12.64828006,28.0311032,611975.0987872616,8601538.501646621,0.0,core,D20250206,2025-02-06,0.49811965,0
D30004200312,-12.64794507,28.02966402,611818.9380995922,8601576.166954348,0.0,core,D20250206,2025-02-06,0.5822222,0
D30004200375,-12.64749896,28.02774785,611611.0202975997,8601626.324717944,0.0,core,D20250206,2025-02-06,0.7969231,0
D30004200379,-12.64747079,28.02762685,611597.8909332876,8601629.491920825,0.0,core,D20250206,2025-02-06,0.7757265,0
D30004200399,-12.64733106,28.02702658,611532.7573060219,8601645.20195294,0.0,core,D20250206,2025-02-06,0.89213675,0
D30004200426,-12.64713088,28.02616716,611439.5039825792,8601667.707960242,0.0,core,D20250206,2025-02-06,0.94393164,1
D30004200427,-12.64712416,28.02613828,611436.3702873089,8601668.463489149,0.0,core,D20250206,2025-02-06,0.81264955,0
D30004200428,-12.64711733,28.02610897,611433.1899380027,8601669.231366772,0.0,core,D20250206,2025-02-06,0.93777776,1
D30004200502,-12.64659277,28.02385598,611188.7234248526,8601728.205875607,119.46197105090536,near-field,D20250206,2025-02-06,0.98273504,1
D30004300090,-12.64969097,28.03660127,612571.6156029154,8601380.095768373,201.33155792520188,near-field,D20250206,2025-02-06,0.09059829,0
D30004300091,-12.6496832,28.03656796,612568.0012881736,8601380.969463274,197.6529121085149,near-field,D20250206,2025-02-06,0.78,0
D30004300168,-12.64911219,28.03411609,612301.9592482443,8601445.176868258,12.733390621491749,buffer,D20250206,2025-02-06,0.6965812,0
D30004300183,-12.64899816,28.03362658,612248.8444812817,8601457.998644762,1.6674241187604701,buffer,D20250206,2025-02-06,0.8046154,0
D30004300343,-12.64784832,28.02868811,611712.9884129566,8601587.284374809,0.0,core,D20250206,2025-02-06,0.91162395,1
D30004300354,-12.64777306,28.02836475,611677.901597561,8601595.746147035,0.0,core,D20250206,2025-02-06,0.31726494,0
D30004300355,-12.64776626,28.02833552,611674.7299364741,8601596.51070074,0.0,core,D20250206,2025-02-06,0.55948716,0
D30004300384,-12.64756009,28.02745002,611578.6469488804,8601619.690809505,0.0,core,D20250206,2025-02-06,0.79726493,0
D30004300393,-12.64749802,28.02718334,611549.7102555276,8601626.669436764,0.0,core,D20250206,2025-02-06,0.0,0
D30004300417,-12.64731972,28.02641787,611466.6512613151,8601646.715565305,0.0,core,D20250206,2025-02-06,0.025641026,0
D30004300419,-12.64730464,28.02635313,611459.626501786,8601648.410985911,0.0,core,D20250206,2025-02-06,0.9352137,1
D30004400103,-12.6497147,28.03614311,612521.84554445,8601377.668361412,157.44029944478376,near-field,D20250206,2025-02-06,0.8528205,0
D30004400116,-12.64961185,28.03570176,612473.956619544,8601389.233355206,110.8906808411983,near-field,D20250206,2025-02-06,0.8398291,0
D30004400138,-12.64945867,28.03504362,612402.5446325478,8601406.457912575,51.85593158393828,buffer,D20250206,2025-02-06,0.868547,0
D30004400350,-12.64792512,28.02845753,611687.9121581584,8601578.888781067,0.0,core,D20250206,2025-02-06,0.14478633,0
D30004400417,-12.64744523,28.02639653,611464.2791077455,8601632.843322845,0.0,core,D20250206,2025-02-06,0.47264957,0
D30004500132,-12.64962404,28.03519361,612418.7623242236,8601388.103581775,75.18579069079048,buffer,D20250206,2025-02-06,0.8820513,0
D30004600101,-12.64997809,28.03615367,612522.8770603082,8601348.532949181,174.46261264359643,near-field,D20250206,2025-02-06,0.7463248,0
D30004600132,-12.64974695,28.03516122,612415.1907344051,8601374.52368959,86.19483071204856,buffer,D20250206,2025-02-06,0.91641027,1
D30004600428,-12.64761478,28.02600408,611421.5822698808,8601614.25835914,0.0,core,D20250206,2025-02-06,0.9866667,1
D30004600430,-12.64760037,28.02594222,611414.8700177523,8601615.87844099,0.0,core,D20250206,2025-02-06,0.9709402,1
D30004600431,-12.64759349,28.02591266,611411.6625437092,8601616.65195308,0.0,core,D20250206,2025-02-06,0.9863248,1
D30004700129,-12.64989075,28.03521857,612421.3564416224,8601358.594801977,103.27479214850494,near-field,D20250206,2025-02-06,0.25452992,0
D30004700134,-12.6498556,28.03506756,612404.9710063288,8601362.547278725,94.80838860662203,buffer,D20250206,2025-02-06,0.04991453,0
D30004700135,-12.64984859,28.03503744,612401.702815875,8601363.335525665,93.39228403452522,buffer,D20250206,2025-02-06,0.14119658,0
D30004700136,-12.64984158,28.03500733,612398.4357113439,8601364.123767918,92.0773703454119,buffer,D20250206,2025-02-06,0.53897434,0
D30004700427,-12.64774764,28.02601431,611422.635710462,8601599.55976367,0.0,core,D20250206,2025-02-06,0.64,0
D30004800134,-12.64997869,28.03503595,612401.4840604375,8601348.947142223,107.54073718923148,near-field,D20250206,2025-02-06,0.06683761,0
D30004800480,-12.64749308,28.02436077,611243.158117952,8601628.417597564,81.07126296803952,buffer,D20250206,2025-02-06,1.0,1
D30004900129,-12.65013788,28.03515936,612414.8176371191,8601331.28773838,127.48151030439898,near-field,D20250206,2025-02-06,0.81470084,0
D30004900430,-12.64797691,28.02587826,611407.7601551444,8601574.260574333,0.0,core,D20250206,2025-02-06,0.47418803,0
D30004900497,-12.64750162,28.02383688,611186.2556926956,8601627.695778022,137.40400005032475,near-field,D20250206,2025-02-06,0.9965812,1
D30005000453,-12.64794391,28.02517591,611331.4936267185,8601578.209341552,1.5376851767944628,buffer,D20250206,2025-02-06,0.91470087,1
D30005000502,-12.64759145,28.02366234,611167.2603575662,8601617.83480848,157.69306094533005,near-field,D20250206,2025-02-06,0.9208547,1
D30005000507,-12.6475564,28.02351177,611150.9223992798,8601621.775289124,173.2276553383955,near-field,D20250206,2025-02-06,0.97384614,1
D30005000508,-12.64754943,28.02348181,611147.6715155115,8601622.558894685,176.31875897121427,near-field,D20250206,2025-02-06,0.9617094,1
D30005100502,-12.64771536,28.02363418,611164.1483387677,8601604.142409166,162.87990681584841,near-field,D20250206,2025-02-06,0.93435895,1
D30005100508,-12.64767319,28.02345308,611144.4976643005,8601608.883326016,181.5641010683259,near-field,D20250206,2025-02-06,0.98923075,1
D30005100509,-12.64766636,28.0234237,611141.3097140347,8601609.651200652,184.5954509292924,near-field,D20250206,2025-02-06,0.9492308,1
